DROP TABLE PLAY_QCM;
DROP TABLE SUB_THEME_QCM;
DROP TABLE QUESTION;
DROP TABLE QCM;
DROP TABLE SUPPLIER;
DROP TABLE ADMIN;
DROP TABLE AUTHORITIES;
DROP TABLE SUB_THEME;
DROP TABLE PLAYER_THEME;
DROP TABLE PLAYER;
DROP TABLE THEME;

drop sequence admin_id_player_seq;
drop sequence authorities_id_player_seq;
drop sequence player_id_seq;
drop sequence player_theme_id_theme_seq;
drop sequence sub_theme_id_seq;
drop sequence sub_theme_id_theme_seq;
drop sequence supplier_id_player_seq;
drop sequence theme_id_seq;

CREATE TABLE PLAYER (
id BIGSERIAL PRIMARY KEY,
firstname varchar(20) NOT NULL,
lastname varchar(20) NOT NULL,
mail varchar(50) NOT NULL unique,
password varchar(100) NOT NULL,
username varchar(20) NOT NULL unique,
birthdate date NOT NULL,
is_active boolean NOT NULL,
is_supplier boolean NOT NULL,
type_user varchar(20)NOT NULL,
credit float(2) DEFAULT 0
);

CREATE TABLE SUPPLIER (
id_player BIGSERIAL references player(id) ON DELETE CASCADE,
is_valid boolean not null,
is_private_individual boolean not null,
company_name varchar(40),
company_address varchar(150),
siret_number varchar(14) unique
);

CREATE TABLE ADMIN (
id_player BIGSERIAL references player(id) ON DELETE CASCADE
);

CREATE TABLE AUTHORITIES(
id_authorities BIGSERIAL PRIMARY KEY,
username varchar(20) not null,
role VARCHAR(20) not null,
CONSTRAINT authorities_player_fkey FOREIGN KEY (id_authorities)
      REFERENCES player (id)
 
);

CREATE TABLE THEME (
id SERIAL PRIMARY KEY,
label VARCHAR(20) NOT NULL UNIQUE,
description VARCHAR(100) NOT NULL,
icon TEXT,
is_valid boolean NOT NULL
);

CREATE TABLE SUB_THEME (
id SERIAL PRIMARY KEY,
id_theme SERIAL references theme(id) ON DELETE CASCADE,
label VARCHAR(20) NOT NULL,
description VARCHAR(100) NOT NULL,
icon TEXT,
is_valid boolean NOT NULL
);

CREATE TABLE PLAYER_THEME (
id_player BIGSERIAL references player(id) ON DELETE CASCADE,
id_theme SERIAL references theme(id) ON DELETE CASCADE
);


CREATE TABLE QCM (
id BIGSERIAL PRIMARY KEY,
id_theme SERIAL references theme(id) ON DELETE CASCADE,
id_supplier BIGSERIAL references player(id) ON DELETE CASCADE,
name VARCHAR(40) not null,
description VARCHAR(150) not null,
is_validated boolean not null,
is_free boolean not null,
price float(2),
icon TEXT,
prize_name VARCHAR(50),
prize_description VARCHAR(150),
is_complete boolean not null,
minimal_score integer,
category VARCHAR(10) not null
);

CREATE TABLE QUESTION (
id BIGSERIAL PRIMARY KEY, 
id_qcm BIGSERIAL references QCM(id) ON DELETE CASCADE,
question_number integer not null,
title VARCHAR(200) not null,
media_type VARCHAR(10),
media TEXT,
answer VARCHAR(50) not null,
proposition1 VARCHAR(50) not null,
proposition2 VARCHAR(50) not null,
proposition3 VARCHAR(50) not null,
duration integer
);

CREATE TABLE SUB_THEME_QCM (
id_sub_theme SERIAL references sub_theme(id) ON DELETE CASCADE,
id_qcm BIGSERIAL references qcm(id) ON DELETE CASCADE
);

CREATE TABLE PLAY_QCM (
id BIGSERIAL PRIMARY KEY,
id_qcm BIGSERIAL references QCM(id) ON DELETE CASCADE,
id_player BIGSERIAL references PLAYER(id) ON DELETE CASCADE,
question1 boolean,
question2 boolean,
question3 boolean,
question4 boolean,
question5 boolean,
question6 boolean,
question7 boolean,
question8 boolean,
question9 boolean,
question10 boolean,
question11 boolean,
question12 boolean,
question13 boolean,
question14 boolean,
question15 boolean,
question16 boolean,
question17 boolean,
question18 boolean,
question19 boolean,
question20 boolean,
score integer,
note integer,
comment VARCHAR(100),
finished boolean not null
);


INSERT INTO player (id, firstname, lastname, mail, birthdate, is_active, username, password, is_supplier, type_user) values (101,'Julien', 'Flamen', 'flamen.julien@ragmail.com', '1994-01-23', TRUE, 'Jilief','5e884898da28047151d0e56f8dc6292773603d0d6aabbdd62a11ef721d1542d8',FALSE,'Player'); 
INSERT INTO player (id, firstname, lastname, mail, birthdate, is_active, username, password, is_supplier, type_user) values (102,'Thomas', 'Ostrowski', 'ostro.thomas@gmail.pl', '1994-01-23', TRUE, 'Ostroluge','5e884898da28047151d0e56f8dc6292773603d0d6aabbdd62a11ef721d1542d8',FALSE,'Player');
INSERT INTO player (id, firstname, lastname, mail, birthdate, is_active, username, password, is_supplier, type_user) values (103,'Floriane', 'Goubel', 'goubel.floriane@fastandfurious.com', '1994-01-01', TRUE, 'Goubelf','5e884898da28047151d0e56f8dc6292773603d0d6aabbdd62a11ef721d1542d8',FALSE,'Player');
INSERT INTO player (id, firstname, lastname, mail, birthdate, is_active, username, password, is_supplier, type_user) values (104,'Vincent', 'Margerin', 'margerin.vincent@papamail.com', '1934-01-01', TRUE, 'ElPadre','5e884898da28047151d0e56f8dc6292773603d0d6aabbdd62a11ef721d1542d8',TRUE,'Supplier');
INSERT INTO player (id, firstname, lastname, mail, birthdate, is_active, username, password, is_supplier, type_user) values (105,'Jeremy', 'Thach', 'thach.jeremy@dmail.ch', '1984-01-01', TRUE, 'Ching chong','5e884898da28047151d0e56f8dc6292773603d0d6aabbdd62a11ef721d1542d8',TRUE,'Supplier');


INSERT INTO supplier (id_player, is_valid, is_private_individual) values (104, TRUE, TRUE);
INSERT INTO supplier (id_player, is_valid, is_private_individual, company_name, company_address, siret_number) values (105, FALSE, FALSE, 'Au pavillon des délices', '12 rue Victor Yugo, 75005 Chinatown','12345678912355');

INSERT INTO AUTHORITIES (id_authorities,username,role) values (101,'Jilief','ROLE_ADMIN');
INSERT INTO AUTHORITIES (id_authorities,username,role) values (102,'Ostroluge','ROLE_ADMIN');
INSERT INTO AUTHORITIES (id_authorities,username,role) values (103,'Goubelf', 'ROLE_PLAYER');
INSERT INTO AUTHORITIES (id_authorities,username,role) values (104,'ElPadre','ROLE_SUPPLIER');
INSERT INTO AUTHORITIES (id_authorities,username,role) values (105,'Ching chong','ROLE_SUPPLIER');


INSERT INTO THEME (id, label, description, is_valid) values (101, 'Sport', 'Theme sport', TRUE);
INSERT INTO THEME (id, label, description, is_valid) values (102, 'Art', 'Theme art', TRUE);
INSERT INTO THEME (id, label, description, is_valid) values (103, 'Musique', 'Theme musique', TRUE);

INSERT INTO SUB_THEME(id, id_theme, label, description, is_valid) values (101,101,'Football', 'Le ballon rond. What else ?', TRUE);
INSERT INTO SUB_THEME(id, id_theme, label, description, is_valid) values (102,101,'Rugby', 'Un arrière goût de Ballabriga ici', FALSE);
INSERT INTO SUB_THEME(id, id_theme, label, description, is_valid) values (103,102,'Peinture', 'Monet, monet, monet !', FALSE);
INSERT INTO SUB_THEME(id, id_theme, label, description, is_valid) values (104,102,'Cinéma', 'Ici on trouvera forcément des quizz sur Scarlett !', TRUE);
INSERT INTO SUB_THEME(id, id_theme, label, description, is_valid) values (105,103,'Rap', 'Mes baskets sentent la schnek, trop de putes à mes pieds', TRUE);
INSERT INTO SUB_THEME(id, id_theme, label, description, is_valid) values (106,103,'Jazz', 'De nombreux quizz issus du célèbre site Youjazz', FALSE);

INSERT INTO PLAYER_THEME (id_player, id_theme) values (101,101);
INSERT INTO PLAYER_THEME (id_player, id_theme) values (102,102);
INSERT INTO PLAYER_THEME (id_player, id_theme) values (103,103);
INSERT INTO PLAYER_THEME (id_player, id_theme) values (104,102);
INSERT INTO PLAYER_THEME (id_player, id_theme) values (105,101);

INSERT INTO QCM (id, id_theme, id_supplier, name, description, is_validated, is_free, category, price, minimal_score, is_complete) values (101, 101, 104, 'Ligue 1',
'Un questionnaire pour tous les fans de l élite du football français', TRUE, TRUE, 'sommatif',0,0, TRUE);
INSERT INTO QCM (id, id_theme, id_supplier, name, description, is_validated, is_free, category, price,icon, minimal_score, is_complete) values (102, 102, 104, 'Max et Léon',
'Un questionnaire pour tous les fans du Palma Show', TRUE, TRUE, 'sommatif',0,'/9j/4AAQSkZJRgABAQEAYABgAAD/2wBDAAcFBQYFBAcGBQYIBwcIChELCgkJChUPEAwRGBUaGRgVGBcbHichGx0lHRcYIi4iJSgpKywrGiAvMy8qMicqKyr/2wBDAQcICAoJChQLCxQqHBgcKioqKioqKioqKioqKioqKioqKioqKioqKioqKioqKioqKioqKioqKioqKioqKioqKir/wAARCADIAZADASIAAhEBAxEB/8QAHwAAAQUBAQEBAQEAAAAAAAAAAAECAwQFBgcICQoL/8QAtRAAAgEDAwIEAwUFBAQAAAF9AQIDAAQRBRIhMUEGE1FhByJxFDKBkaEII0KxwRVS0fAkM2JyggkKFhcYGRolJicoKSo0NTY3ODk6Q0RFRkdISUpTVFVWV1hZWmNkZWZnaGlqc3R1dnd4eXqDhIWGh4iJipKTlJWWl5iZmqKjpKWmp6ipqrKztLW2t7i5usLDxMXGx8jJytLT1NXW19jZ2uHi4+Tl5ufo6erx8vP09fb3+Pn6/8QAHwEAAwEBAQEBAQEBAQAAAAAAAAECAwQFBgcICQoL/8QAtREAAgECBAQDBAcFBAQAAQJ3AAECAxEEBSExBhJBUQdhcRMiMoEIFEKRobHBCSMzUvAVYnLRChYkNOEl8RcYGRomJygpKjU2Nzg5OkNERUZHSElKU1RVVldYWVpjZGVmZ2hpanN0dXZ3eHl6goOEhYaHiImKkpOUlZaXmJmaoqOkpaanqKmqsrO0tba3uLm6wsPExcbHyMnK0tPU1dbX2Nna4uPk5ebn6Onq8vP09fb3+Pn6/9oADAMBAAIRAxEAPwD6JooFL+FcpqJjvijFL1ooAB6kUYoooATNAFGeelGeaAF3e/HtSfkfrRnFBoATPPOPypetAo780AAyOvSkJ9OBQTnPpVLUdUtNKt/PvJCi9AFUsW+gHWk2luCTexcwR3/Wjr2xWdba3ZahDIbScB0TeRICpUepBrMuvEzT2yCzRomdfmZuoPoK48TjaGGhz1GbU6M6krRRtXup21gv76TL9kHJrnL/AMQXdzlYj5CHsv3j+NZE9yROquJHklJxgZPqST2FLuOO+cflXyOMzjEV9Ie7F9t/vPXo4KnDWWrGyEscsevU9T+dIMY4HPvTsAsCTjimgqOAeleId6tsIM4wAT+FIQ2ckgewFKoNBzjPB9807lDGQdyfzpCI1OMD60FmOMLx9KVkkJBPApgNxyCM/nQUP+TUhTABLE/Q0DGMDP50yrkRX1PP1pwB25VxTivH+FCxpnnIPuaBXFAbrmnfKRyOntTdgzgE59KeVbHQkVLEMKAjPb0NKpIH8hSSHylyzhQPwrntc8S2+mW4luLuCzhb7skxyz/7iDlj+lbUaFSvLkpq7IlKMVeR1MF9NZsJIpWiPqG4/Gti18a2yLi++bH8cQyDXmmmvPq9jPqV80thp9su8tesFkn9MIPuL9eaTw1dt4mW6Mk8VtY7G2Xco2/aMdoweFUHqep4r6fA4TEYV39pZdlqjza7pVVtr3PVk8Y6cZVU7lVhkE4PHrwa17a+trxA1vMjjrw1fMkFm66lPFqWpSRQxt8qmQuZT2I2g/zrsvD1xa6bstYb3eg/h3mOSFiMk5P8J9D0r3/aTjvqcLpQe2h7e7gIT/KlUY5yWz61w+neLREgjvJUuYjzHcwEMGHuByCK6ax1/TdQCra3cUhPQBq0jVTZg6bRp5OfbvRtyff1oHIpa1MwAxRSA59qWgAzRSfWlBI70CDvgmkxz1IpxPrScfSgAPWjJozR+FAxOc0uR0P8qPpk/Wkyc0AOoNIKWgAFFFGaAA9KQnFLmkGM9BQAfTNFHfmgg57UAIRmjgdTS0gx2H50ALn16e1RXVzFaW0lxcOEijUs7HsB1qDUtRg07T7i6ldQIYy5BPoK+ePEPjfUNWut1z5r28oO4ByFCk9Men4VlOpbSOppCnzas6/WPF8+uyT7UihhV/3bySsTtHTao4HuTnvWHDqksvkzS3kqiN9gUsXAB6gA8CuDfWI/vKwCncq44DN1rNk8SP54CKV7Mu4ndXI6NSo73OxTpwVketQa0kaJFbrJgMN0jfMTnjBPv1q1P4naG2nlM8e+NisUQH+sA65P9a8ui8QSwkSRgtHIvzKHwcY9O3aoLPUjJdtJKruUOTGzHPPUe9c08BCfvTimaqstkz0hPEtzdyPKkjF94McWQu4YG5QfTHf61t2uss7jzgZFb2wU5x/wID2rya21BG1USJsWJBgsScN7Y7V1EUnnzyXkxX7MF3pHsO0HPUAHmuWvgKTjy2S/Q0jVkndHoxkBUEkc9PQimGUsMKuCDwWrioNantLWaaEG5iVwkcrE4Jb0B7Cujsb9LtA0koLqBuUcYPrXzuIwNSguaWx3U6sZ7GkhLZDcD17GpVTHYYFVo33HAAPoc8Gp0OT97n0FcMtDbUkxuH3s/pTWUA84/OpAv+yT7nijaD3xWdxXIwMdcY7UjHjsPpTygPRqQjHTrVJjuM25A+Y8c0hD4yCaec9lJNJyevX6UXAbkg/dzj8KZJOUZY4VeSZzhEXkk0s8yQQtJI23aM81r+H7M2+m/wBp3q7Z7kfu0I5VD0+metd+CwrxM7dFuzGtVVON+ph6hot7HB5txtaU+pzFD7kfxEe/5Vz2l+DrG41c6rcJLdMr/wDHzcne7Y9OyjOAAAO9dF4n1uz01JGu7maTdlXWIbtnI4VfX9TVuwhhTwtZf2eyzC5GYow33+oAbv1yW+mK+sw9LkjakrL+up5dWql8e5x/iPTkvrO5nuYd1lEWmWBwcTlR2UcyY9ThR71wreNtHNssLI+FI2bIeFXH3QDwB34FfSGl6VaW8DJMyzXFwu2SZurcdPYegHFfPVvqelaHeXkVv4fiNwsrp5+7cSAxBPzfTtXrUMPG1panmVcTK91sJ/wlIksp3RdYa2uWwo+z7UjAwflIHtVGXV0v7nOnzrNLGNxt7hCPMH+9nNSal451K8sTp1ovkQHIJJySPT0FJoWnz3OqafK6/wCqm+8VwSNpyCfpXW6KSu0ZKvJuxn6X4lv9NuGtk0qBk3sxgiJVyc5Zg3qDXT2Hiu42SNawTRTwP+682MbyO43LjPfrXJ3LOviDdC5VzcSxqw4wWjB4/GvQvBPh+01bw5d2d7hrqGVZFmVydysOhPsQazlCD1sV7WUNz1Hwf44tdbsoFmfZK4wrNxuI6qR2b2rsNwccH8q8R0fw9eWVxeWSXQBmYcTD5kYHIKuOfxwa7Hw5r2r2XiMaDr2Gk2BkfAyw9cjgj34+lYNuL12NIyjU23O/FBPYmjjp3o4/KtBCgAds0UnT15o796AF6cZoHU5o60c0WEFJ1NLScmgYuOetAHrQMnjB/GjOPpQAFgBknFIHVujA1ncnqc/U0uAfUUWI5jSH4Uceo/Os4ehp20HqoOKdg5i9j2o49apKSrZVip9qd5sp43UWDmLn060nOelU2kkZcFiB3xxUfz9C74/3qLBzGh3/AMKrX9z9ltHmyoCjPzGq4yudrMCevJrhPiRczRJaoJ5I4JEYMVPQ+v8An1rOo3GLNKfvSSPPvG3iee/1K8RboNbKAGQHr6/rXm+rXUnmK0czHcoGT/h2rQ1O8MM0ksIXfjGW/liqWlaVeazIwEWY1J3MFzj8ainFRXNI6ZXl7qMaN3uLkK7kxqd7AetXJXMlrGJEEC+b8jovOO+fWukXwix+VEKBcjng/UmqmoeHbhIFWIM5j5Bdar28G9GV7CaWqMq/i+zW1vPZTq6tuHTkEcHI96rQpdXUijzCp6gg9MVpwaHdOwjcAc5IPX6CtJPD9wmCqIgHq1HtIxVrh7KUnsUrUSWl2y3Jz5qbZ4z/AAdwc9s9a6TTbxoLYW9wfMtj8qBz9xSDyD+n41c0/QUnsEh2jPJyAMtnrVHxP4Uu9KtEupFIQuMSIflI64x2/GuOU4VJWOpQlCNynZo0fmIXcsjlV2k53dRgVvJexRKjWzyvN5O5tgOQuMjPvmueOqW+oTRGxjeORSSZSRtJHByO4JA/Cr/h27Z9YuWcohjDSmKMfKSvXqT2zioqwcouUlsTGSTSXU9H8OO8unoszebOgG5uxJGeK30yDzgfWuc0SVI/nV/3TY3852luldNGoB+UfjXw2Ng4VXdWvqerF6bhg85bj2oIUL93n3pep55z6c0GNV52k/WuJAMyCeQM0eXuwcZFOCqD8oUUpGQSTk07jvYgK4PKsOaQY6AkfUVMxx/fHuabvHc//XpjTKi2y6jq9nZXJH2YMZp8njYvOD9TinP46t9U+2S2a+Tb2kUjtPNwqKpChsdwTkD/AHaoa/qTab4f1Ke2IW5uXS0gJ6sTkkD36V4j4m8VmK2fSdJkxArKHkU/6woMDPsDub6tntX2uU4ZyoJLrqeXi6qU2+2h0evS674i0q41HT9OuVs0yv2iTG5u7N14449ulVdC8bapoWn6dqEEYI0B1tJIXORNHIxYj29vQgVw+k39y26xOozW8UykEK7Ybvg9ua7iDStM8q8sNclvFhudkwv4Ityo4GRn268nrX0KjGklHoeVJyqvmPprRdRs9VsLfU9PIltbyNZIm9j1z7jp+FeAa7oclz4j1B7YqI/tUmAf4fmPHtTtO+IS+BPCzaL4Ua71k+aZhc3UO2KHdxwM8jPOPWuQvtf8TXbyMdS2uxJKxSZ3EnJ6D3rWDcXdHO6d1Y6q38M6bGRNfXscbE5z1x+HerMmp2guGt7ErHa2sZke4lOCcjqfTPA9hwMk1xt2lz5Di/1C5ihfBW4uXCnGPmAjAyTnpzVC71yJtOjsLcOlnCdwUgb5n/vyHufQdq0k5SVhRgou/UdcXIt7uC8upFZ2LuYx1RiQQfxH8q9B8HeJbex1i23cW88PkuwGRJzkH6//ABJrxqeZppWYSKVP8HQgVteHtSijLWN9I4t5eVYHmM+vtQ1poNq59FanOsWqQyFcKygJID1x0P5VavJS3iTSr4McmJQcjn5WAP6EflXllj49n02SPR/EqCdBhra+XuOxP9feu3ttct9TjhghnQXUSs0eXG1s4wM9ucVzT+FpipxcKiaPXsnhh0x60u7gCsHTdVl1GzhnyVxw6n1HGDWmt0yAb8ckDkdaFrqbN62Looz9aoi7kJ4wMcYAp63UhHO0fWmK5bFGeOtVluWPBA+vSl+08fd/WgdyfIPH9KFAVQq8AVA07FcqAM03z3I5+X8KLCbLJ570d+B0qobiQfxA/hR58p6v+VFhXMYeJdGI41CA84zuHWg+J9HB2/2hCD9a87FpAcbrdM44OO9BtLeMZESk+mK9L6qu581/a1R/ZR6KviTSDyL+H8Wp48RaQwz/AGjAP+BCvOvslq+cxLuI3BsdaIrG0MeTAhI6/LUPDLuarNJvoj0b/hItHwCdStgCOMyAU4a9pBJP9p2ue/7wVwMWn2LW7N5CEEHAABNRCC2STabePHQ/KOlL6vfqW8zmrOyPQm13SlAJ1K2x6+YKT/hItHz/AMhK2/CQVwP2e3IdTEpXpyKctlauqAW8YPJDCMY6Uvq67gsym3sjs5/FWjRqzDVLcgAnhxXi/jbxg2ql5pZl8uUMsag5Oztgds+tdT/YdocRvCjDOwsUGSD3/WvHfGVq1hfzJInloLhhFzn5Fyo+nSuarRUZpXPUwOKlXi5NWM63S51nVre1tkLtPLtUH+Zr3bTPDsOi2C20SBVTliP4mrz34NaYmo+JrrUJV+SygGzjOGY4H6A17POvnjhQRn0rzMZK75F0Pfwi05mcteWq7OBlj7VnXFmPL+cDnnmupubQlfTnkkVnXFr5s6xKCRjJ29hXno9O5yZsli3OFGax7y9kSYRqCSDzivQTpHnL8uFA9eaxb7w5bKzbCzMRy2a2jJdTKSb2OYt9SmO1S+MnjnkV2/8AZeo6x4ePz+bA6ZAZ+49jXGXugTQkm3O/H8PcfQ12nh6LUbPwsZ2u/LUxEiNkztHPepqW0aJjfZniryfYNWl09lbYJ8Akjjmr800un+IJdtsbTzmIGG42nHTtWRrE4bXbiSY7W3EDaOKuPrjS2sQu4fMZP3TcgbVI+Vh7167i2k7bo8p6Np9D1DwtO6WE0axKQGUyAcl0zgjB7jOa7jS7sXOnRkZOMrk8ZwcZrzDRJru4trFo45InSQubnGA6jqSPXAx6c16Ro1qbfToYy2/5QcelfIZzCKSb3uerh5XVjSGW43fiKeI+O5FLGrYxnH1qTyx1OPxr5k6WyLHcAD60u3OcnI9qkIx0A+oFN7YJ/pSFcibPo3HQ5prYXJ7471I6buhz+NQytHAqNPKkcZPLSEAY79a1hCVR8sVdj5ktzkviBFqF14St9J0G3lutVnlNyxhX/UIcjcz/AMORwO+K8Vm8IXFu6LM3ns8gjLR8RK57GTpn2Fe+6lef8JDPPYWVzFbaJE4M0nmhJL58f99CMDA4GT04FU5UXUAuk6dby3yD5JHRfKtokxyDkZPB6LjpX6HQq+whGnHZI8iVLnblI8aGm6ZozRT/ANq25eGQOVjUuSQeBj0+uODXqvhz4neBZrZo73TpdPaQNHKqI8kYXvnB+Ue2CK8m8bajBe69Jp+mQRQafav5caQoFDEcFj3/ADr0b4U2VubV4xbowJBYkdR2BNdlWXLBTluYU4qpNxjoiPxR43+H0eW063uNTchQI/MIhUDp1Gfwrjb34pai0XkaPYWGlxAYXyIAzAemTXqPibwTZS30t4bG1/enLHy1UDjpXISeGoIZsQxwgf3VGOPasoYqns1qdH1Ob1UjgLez1jX5zNslmkc4MkpP9f6V2Gk+CVgt83AeWVjy+w4X6V0Wn6PHbnzDKQwzkAdB7VdWM27KIp5gzE4DD5T+I6VnVxUpfDob0cHGGstWcTqfg2J0DIuAejAc/lXMat4cm0m3NzHJ5iKw3gDBTPevU2kmkBMlq0gUnkNuNczqH7zeqR7kcFWU9/atKOIknqRXw0Gro5/R7221G1XTdVk2qeYJz1ib6+h71rWrXvhzUfsWp2wjVnymoJwAOoIbpzxWNqPg6+0vSV1qNfN0tpfJ3H70bkZAI7/Wuw8LXB1fwnqekapm4tJIFELZ5Em8YA9+v4V1VKkeRy6HlxjJS5ep6/4f1uxtPMW6ukiEsazgHoQVHNbo1/SGddt/ExHI+bNcJFp5ltd/lqjRRhI1x0jH8OahFsHzB8iYG6Nsd/T6f40ZdOhjKTlGWqdmeVmlfE4KvycqaZ6Out6ezc3kQGeMnqPf3qRdY01jxfw5Hq1cEFLRfdDOANw6Y9amMYG0gDPYHoTXe8NHucSzKq/so7ka1phGf7Qt8e74pDrukqMnUrYf9tBXGIRsGVDZ4weaQLG6sDGmQcfdBqPYLuarMJ9kdm2uaWCA2o2w+slH9vaVjcNStiP+ulcNJGu7HlqQBj7o/lUAhiYeWVU45yEA71f1ddzKWZVL/Cjvm17SQAW1O1AJxzIKb/wkGjhsHU7YH/roK4O4tbcuEeGJiOpA6Zzmqg0izaVd1qhHTgY3ULDruS80mvsonIO44OAOo7mo0bjaW2jPHv61FayzEETHdngVIvyZI/Eegr0HofPqXNZol3qABgAcDinZCoeMdulNMJ35XGAOe1AYSB9qnKc5PAPtUmmvUkjcKCsRJ2nFKxDKSVJ5PJpsARsgEAnqT3p5xj5gVHUd6Rqr2BOSFwAoPJzyBVqPaxIODnuKhjVl6gH1wKem2NiyfICTnHY+tQ9dDSGhLKgYNhQwGOTXO+OPBlvrPhG9vymLu3U3CEH7wH3s/wAxXVwRmZxGSdxYcjn8a1LuKJtNuY3RWgeB1ZemV2kGvn82xqw8qVNbtr7j6TKKEpynUvpY8j+Bv+jPrVm75ea1WYD/AHT/APXr06xnRVxIQMgDceteS/By8RfiVeqxASOxlYZPGAR/Suq1vX53nkm0+F5IVGQscR3MfqeK5sVFupdH0mGaUXc7PVPLgthKSCh4JFYVxeLa3cVuwAMoJQj+I1wk3xA1K8ja1eB7NN2VSUA5Pv3FbNpqdzrWsaK1zbGBrIGSVl+YPgcAexrmnTlH4jtpzTVkbt1estzLbo+PJQEqO59K4TUNTv5ryVvNIUNjHtTNV1aefxDqV1BIY7NRh+eT7VzIn1DVbsC1lu2iVsBLcYA9On0PWtqNFvVmVaslojpbHWU+0eXLcqzk884Ir0GK1mvfB0qW5eQBSzAHLFfYV5LDPaX9ssN1a3BR38uO8kbLI3+8Rz9M10/hPU9W8MX0CS31v9n87Y8c1wCx5wQFGT/SnUoroRGqzznWtPY69Ksq+UuSX3cY+vpUMqxx+HkuBNFJcPKQRnJ2joB717L408JQTQ3lw9izs0hly52KykcgFeT83JGR1rxxtJunuIjBbxyRPKVQRAlQR/Djr9a7aNRTir9DjrQs24rc9C8BSzXdj5+oO2G8qCKNBwecn9B1r1eyhkKgyZHJ4x27V5d4EnsTJFpiRu1xbOJfOEhKHBwUC+gyfm9q9oWLCgDnJ6elfJZzDnrJLt+p6FK8IalZk2YOMD88U9YxwSGP4VYMBznv61ItuAMnd+FeMsNJy2KdRFUpkdOPSopIznP6Gr/kqecU1oAW6sOOg6USwkhKoZ0nlW1tNczgNDANzBRyx6BR9TXJSaNc6tqz3GpTySSJF9oVQ2YwOyrgdB+uK6LxXcalFpyaTocCXF7fRs5Vm24UHGSTwB61zzEeEvCNrZXckuoXaweQfKYqJWZuME9B2yewr6PBYb6vRX8z3/ryRnzuUiW7stPt7dH1Zorg7PlhaPcUO0k5Yc4FWNclj0LwVeamiNbXMdqVRFclAZPlXj1ABqrDaR3Ovafp8h825v8AMt0UPyW8Ue0iFPqxUE98Gsj406pL/wAI9a6dFw17M05X/pmo2p/jXqUad2rmFWfRHiNlb/abhpX5BbNe4/CKALDKWQgNjaccZFeT6LZFhjgY4+tex+GpF0TQESNSHlTPJA2g9TXVi6i0RWGpuzZ0Pibx34f0aI2N15dxIODgZCH615RrXj/Tr2+V7SAQxdMlcFvwqbXdVv7prldB0lLi3gX99d+XuAP071zcWi/2tpL3V3rdlBOCf9HYYbpyMex4zjmsoU4yXNMqTlTfLA6Sx8V6W+DNOqc/xHGa3ptTtrrw3PfWjqHgmVVYHG/J6e/FePWNvAl6iXMf2mMnHyHBU16TY+HSNGhu4pDHalw6ROMnd0zU1qdOm0zehUqVNGbBjNrJaTkbYbxj83v7VqR+GIr/AFB2kVFXAwQOegya4Dx94ndb+10m1lkE2npny4lLEMecnHTtVjRfiDq1tOttqcTxSKACrgqx/wBrpzUewk4qY54iPM4HafF6xtNJ+DsdraoEh+1JgdycE5+tcF8MIklgsiy5YySg59RjB/Kt34g+ITrnwckN2f3kd9GI93VuvT14rF+GEqjT9NkIBEd7LE3sWUEfyNVi03gJ8pwU7xxKuexLCNg2jaM1QuLVo5dzgEdVyOcHgitdQSOCCByOKS4j3QHaPmT5vwr5nIMc8PjFBvSenz6f5CzjDLEYdu2sdUZOzEhOBgj8c0qA5+Ufge1SFRyAMYPBpzLuUjGCa/TD4XlQ4JlGYZA6dKV12xjd17c0iskce1+B2z3qKd1YEK2O+M0ralNpIrzIS2TgNuHAbGaYMgEkEc4GDnipFUt+8YBsjBx6U8FSxMeeB9BWhzWvqQNAJCeSA3GCOtSviKPgOcd/Sobgzbla37H5wWAyKmCkHLE9OlO7EkrtGSJVGVUHI9eKmVwzASZx0wOoNVGm8twORxjHrUgkDECNwMdRn5j610uJ50Z20uWvNBG1ixYcAe1OXaCAuScdBUCOCchcknkjuB0yaHcphlIGeMev0qOXobc6tcurhW24ySD26CnhlaNkyODg89KzXuJUUMMs3G4DqKumVncGMq0fVweuMcCpcWjWNSLdkSIpUbY2KliOSetSp8wbjJzgZqK3JwGchhIOFHJHtV5Qu0kY47DsaybOmCui9pFv8pmxj5doHuf/AK1XSQjHKgoAchuje1RWEZjtUOSAwLFe3PAp12jm1MceQ+08V+a51iHVxkmvs6L5f8G597llH2eGjHvr955VaeEL7wp8QNUu7GJbixubOUxTI27aDgtEwH3XXOeeoFF60/iDWns4/ttl4ftosR/Z/lMzgZ69Rk5ye1dF4VaSL4lalb3Afyr61a568MGVQePYgita90o28IgQLJACTHg4ZM9s9xX0Eqknae+h1U6ST5LnjEmjaba2F7HLbzPqM9wv2YmUsYE7567ic4/Cu/8AC+iQTJKrSTA2MAVkWUqqsw9OueKu22iwR3hlEUYfdgHGT9feuns7IWmlXcu7PmODnAywUYH161DrOpozoVJU9up5TqGkw6dqFxYW9sGS7YO6l+ZBzuAJ6N0I9cEUy28PXOlwyLbILqzvFDnacbscjI7EHt2rW8WWLyB7tnI2jJUfwnPGKztB8ROLj7JcvITjOXPP1q1OXLdA6aUrFQ2t18kVxaM1vGxkEbnK7vZfWpLHwUbi6jmnkSGWdwY4myAzHtntXVNcWsh3OMZ6EE1dNrNo9jDqyutxaBwXjfnbkcEGodWT2KdOMdXudpFDA2k/2febSJYPusc5wMfzrxjxxpkXhGS4EEZSO9i8m2dBwG/5aMfRtpxnvmvT9X1SPUYdMksQVOAeB1DHOK4Px7YXuveMLrw5p7IZJpY5ozISFjKRYPPYtn9KdOSc/JHOotLXd3MD4bRq3iaKSLPlpDjjuSwXFfQ6xnHOMegrx/4T6RPGr28yYW3uiSzLtZiOv4ZxXs6IeM4+lcOLiqtey6BVk7JMYseRgYHtS+VxVkLgDj8qCoxwM01hkkcvOV/L7AcGkMfoatbaNmfvdKPq4c5yHiO11ZLm4vrCJJgLfEKA4cNjBQcchuPpivPktU16drOWaeVodry5kKODgtuz3547YxgV7iIxu9qw9c0FLuGWRYrUXEq+WGeMLtBPcjk/TvXYoOUbjp1VF2MbRrdN8lz5HkyENHDKQMAH7z5+gJ/KvJvEPiDSfEfjDXxcuiRW+mtDppkOBuQjGPc8n8a2PHPiwaZaS6B4bklvLgIwuZwMEj+IAD6cn8BXjzyi41EzBDGpAO0/wn0rtpUm46kTlZ3Oo8NxtLexoOsjBea9dn0r/RoogowgAQuPfk15f4KtftOu2hcHaX9OtfQt1p0dxZqwG1tuAR2rDEJuWh20ZqMVfqcVmTS7WWWEFfNG0wqoG4ep7AV5/rMc87u8NqFDnqACa9Ou7GRIJEIJVepIziuX1MJbEFB0524rlhNxZ1uCktGct4d8E391cme6JWInO3A3NXo+v6aLPw3bCEHCMqYA6irOiX+mJawxrP5jHlvLQnH1q94oljl0mARghd+c/SnKbqO8iYRVOSUUeV+NfDsS+LINUit223VrFJNJESGDAbSf/HRWrJ4Wi8Q6Yl59vuru6gIeIySfd55/Sug1ERuunPIM/uSvr0bP9auaZCkNwrwLsL53FRwfrVyqydkuhCpJRucT8bysHgzwxbqoiLvKXRRgFgF5NcX8N7xzNf6Yh/eSRi6twD1li5IH1TcK6L49XZbUNBsw3yx20s2Ce7OBn/x2vNtB1ObRdbstStv9bazLKB/eweQfYjivVhTVTD8r6o8WcuWs2u59VaZdJe6dBcowdZEDAirY+Yc8g+neuT8MalCJVhiJ+x3i/abM+isclPbaciuvGNuAM4PFfmGJozwtZx2s9D3Lqcb9zKeHbJjqEP5+9NLGNWLAeuau3eY5QcfeHHvWdN5pkwdu3H61+t4SssRRhVX2kmfneJpexqSh2ZHIzEAABcdSai35YIMbSOpNPcK43OobbwD/ADqEgKCFZsEZJJ6V2o4JOzHBj5hUg5A6Y4oEmF5XnPOR0qvG6hS0cmQDgHPX8KZDdCaPejF0zg9iDVcpiqi0JZHZVHIy3XBHFNDD5gkjsoHzEnPbpUS3CuXEMiM0f3wx6e9QvI6oWjxLkn5Rg4JqlHoZSqW1HTwiOLy0BDgcY7fjVZFYlX27WHA44NXJR8o34zyM+3rULI29SgxgYz6VpFtIwqRTldFcFlcgHOD0GeKubnaENgKyncCw6Y/nU9rYtd3A+UbEBy3cEVDezq9z5MJDIT6ccVxY3EKMeRbs9rKMA5y9rP4V+I9n8+Dz3hVWBCsYxgMPXHaoo2FvKCcjPRh6VdjVWtTCQGUjBBPBqEKnnFSpwhx+FVhYuFJQepjj1GWIc6eiZbiy2CpDDHGOMGrRbDKhABfjAPeqqHghQFXtz096tWkYluYUk5IcHnvTnJRTk+lx0ldqK3Z0CFSNpHAAHtxTnAJO0g9hzUZkSGMPK2wMwXPuTwKkQYPZjnpX5JJyqPnl1ufpKioqy6GcLS3t/ENvezx7QA0CuP4RIQMfTcAfxNO1JlgkeNsKVPBqe/ikn06ZYiqzMh8ot03dVz+IFZniG5lEMF40QV5UVyh6hujD8DX0OGqc+FXdCh/F16nI+INeNjcJBB81zMwRcc7cnrXSXXiHS7fTHtIbnf5KgFRyynvkf1rgdGtJNY8fST3K5S2RmUEcbuxrrtWsJZ7S4NtEouDGQHKDnitXeFkup2XU3d9OhwfiLxhtlcRReYhbGCOv0Fc7q2rz63qMV8kIt3jQLhRgcVq2XhwyWNxLquYJASUMg2jj69qpQWVuCVNxGzZxhWrvg4R0W5zT9pN67GrZaj9p08Pn94PlYZ6Gur0GeTWfBF7Ys53h2Cgc89R+tcJb2D21yHVz5U6N+JWuj8C3zQareRM52YVgDxznn9KwqJJNo0i20kztfD9g8trpDAnG0Bxn7uK5NLxJfiRqF7KJUZ76Tyz6AHAIr0Xw8qQWaKSC25gpx1G44/Sud8caA0vhdpoW2taXis5PQIDyTWVJacvcUqijK77WOp0JRLHJeM3Mx2If9leAfqcZz710UOWXINcx4MWZNAhNyQ3JMeD0BrqIeijp3NTThzSbOGqydV9uadt9P1p6rgUvOOQAa9GNOxyN6jQvHNAGTinkUhx2q+QVxpbYCxwMDNedfEnxSui6FNI0/wDpsgKxoP4Ae49D29ea7K/1AQmXawKRr83rk/WvnP4matLrM8NzHKDaF5FQL0O04yPXFRHWSj0NYxsnIwNB1OeW7lcH9+xycVn6hBKNdnWZCrNhsEdqoxF4pVkiZkkU5DKcHNXjfXGo6nHLfP5kqr5ZcDBYDoa7FDlldA6inDle52HhYtBdwlMbgPvZ6e1e7WV872KsxyWAOPevDNBXfKpXJIP0z716rpFzhUUHCY5HvXnVnaVzvguaKRa1aYmIjnGMlfWvNtevAjMucO3AHfPTiux8U61Fp2nSzS5PG1VXqT6CvOJXlgvzcXmya8ZdwjJ+WIen1rCnG7udDmoKx1vhzxBovhnw/Fa6zM9rcTTnJSMtnOCCcdq6DxHrWlTaLElrdrOxfeXXpivJJ9bu5m3yCGSOMbkJXBX6GsybUp1kZY5ikUzjeh+ZQe+M8g10Kg2tNzBVoppnqdxfxz6BbTiQBkumQY6kFM8fQium0JA2nGfPJ+Ue2K8us757mCWyaMSKiL5JU42Hr+teneGLpU8LQTzfIiGR5Cf7qgk/yNYuDUjV1U4aHiPxkv21D4iXEIzs0+3jt8D6bj+rVw9vguMnGK15dUGseIL/AFG5I33sjyFW9GOQPyxWcbeAuQJPKPOC1e7BcsVE8Cb5pOR6X8P9XZ7b+z52Ym1k+0WxPYfxqPw5/Cvc7VlngicDIZa+X/Dmpvaazp7tMHWOYLlT2bhgfwNfS/h9/M0OBt2Nowfw4r5HPcP+8jU7np4Wd6bj2Jb1QYATyR8uKx2c9wSG447Vu3alrV8HBU5BIrGIbnuM/Mc44r6DIKnNglHs2v1/U+YziFsRfuitt+YFhxnp0xTHCuCHXcOhB5qdhuUgDI7A96hcbx0GSeSOK+gR4UloZV1ZRrbxtA21t4IIGfb8KmjRmt0EjgsAc7T39verciLtJblep9agYAr5agfSteZtanF7KMZORUWwW3iaNZJH3kHawzmnyrstwMlTnGFHP50skLyYcAvtPVmxTHh2KxZvMbHRe9V6mVlHSKsWo2hv0Elu4BUZMeOhoEIDfd4PI21DdaVJE4n0mQxTE58tuQ5rSfVNI0jTo5da+e+K5NtF91T6E+tebDEzpR5ayPo54CGJlz4Z6db9CW7v49L8PBY1L3N3lYkH3m9TWDaafOG8y6b5yOEU5x7ZqCPxQTdtd3K2xuXHlwxhQVhiHOAPU9zWVdfESaxujFcWli4UZBELZIP0OK5I1acqjc0z1amGxEaKp0pJLqdbjOQOcnGP5VYudNlhjVtQdbRjh0Mp25HbJ7ZPAzXM+GviNaT6sy3VlG8L9FRWHlMB1GfWt3U/EPhnW1L3guIJkGwsJTlRnrjuK2qYy1lDQ5aWUJp+2d79ggWR7uePcwRdjKQoIOc5wenUVs2EAF6hxuK5+Y/Ssvw2Y7OzltodWhvYHk8yNWba8TH09jxxXVW9pFL+9tBH50YwyI3B+gqK+IdSjKCWrTsOnl3s6sZp6JoxfE8LXNvp9rHc/ZnlvEdCQTvKAvs49QDWzaXKXNossLh0ORuGCGrmPHUWoNPoVxb2sqQ2GpJNcyuwQKhUqeT/ALx/KsvwHrtrpllf2+u6hb2rJMAkk86jzQMjI74wBXyUsFKGCSa95N/ifTe1TqeR6J5YLKCOCO4zWRrsJudP2Fixgl79gw/xFRjxloM7FbfUBcnHAt4nk/UCql9r0a3tsfs10LO6b7PM8kBQLn7rc+hrnw8KlOpZqyZqpJ6rocvJeReGLkXvkszzxtGQMAliRj+Vcrrvi7xjqGsm2j077Fa4yGLkIR2Ysors/EWmSPciBwd0UgJYjitueGCCxyYC2E4Cjk16NKpGHxRudbi56p2PH55r+8m8vybORQCF3ySS7T64wKx7vT769v8AynusJkb1hjEagfh0ruLqbUJi/lacIo9/XJH41jTpcrIyCMIvfA612wrWWiIqUovdtmhpUkSwRxMu77MrBfUA1V0K6/4qdAvSWVUOB1FULmeSzt5HVtrN8h9z6VP4Msbl/F0SSBt8PzH6kcfzqOX3JSYufVI9o02dWjj6Dc2QPqaPFOqW2leHNVmnw5Zj5cTJuDkAHHPasDUtctdJ1KESSiOKBTyT1I4H61znivxFHrVtIi5EUMflrk8sWIyT/KsKDYV6d3c7PS5JrfTrHV9NgaS1uYt0lpEc+Ue+0dcfyrctPFtkJY47tZ7Z34zNEVGfTNebSapPpmr6ZGt2ILSe4NswH3drKQV/lVFLC78O3DxPe3FxtfJR8lAoPPBzmtG4x95HIo8+jPoC3nWaMNGwcHncDkVMeATjoO9eUaZ4ljtbFLyMSQwu/lssRyIm9CD1z7V2WjeKFu8xyukhHQrwxH0rppYiDdnuYToSWqOkDZHTNMkk2LubAx1Bpsc0UiBojkEdqpX0zBNsY3SN0B6V0ylZXMVG7seefEjWXGmSQWspVruTyt2cfKByf1xXFWngW81r4bLd2oS4aKeZhCq4kTBxwe4PXFbPjW1uLzWY7faXWFdoG3+I8k/nW34C1i307TZNJnZEuFuGaNA33gQDjPrkV5ka2r7noVKVoKx4BLavDcPAylWViMMOR/kVCxFvcLIxxzggV3nxR0u5j1p9Rsyz2ly5I3L80b942PbnkfWvPZGEylWJEgHKt6f4169KXPG5587RZ3vh29MV5G2fkbpivRrO6JVAuACcHBrxPw5qBW4ijkODEcH6V6vplxEUTLruPJA4ArixEbM9DDyvEn8UBbmyVhjKtu+YflivP7ix1C7kM8FrPNG339g5r0DxCrzQJ5YIGflX29TVe31iCythb7RGMZ4XPPqfSsYT5VodEoqTszzya2kERB069HlYXacKTj2qmUgnMe60vVdG3NH5Wd3vmvQ9Y8WRrbmG2hj81uBIQDiuW/te8huPMjmUhm5Qxg8VvCba2M5Rgna40NPFFvsrS5j55BiwFHY5+td7PfXdn8IL+aNGW5Fu8Uan+9If8M0/TNZg1DTHjiijWRVCNtXjOOvvTtes5rjwXFaQEghJL+YLwdqgog/PcfwrJTXMnJWsTVjaOnU8VHh+51HQ31aOIQpEoJfoHPTpWMJipZZUBzwWxWjfavqGoJBpULP5SYRLePkcdPr65rOeCSAEnY4B28HODXuLzPFdjX0+KBY7YwsGmkuEG0DlRkd+nNfTnhLLaCAcEq7Kfzr5k8L2VxL4hsEljZIvNEpU/wB1RnP6V9PeGI1t/D9uFbO5QxHrmvnM7mlyJ+Z34S/LJ+hpSqCki5zuU1izbR7huM4x+FbDt8xZBjgj9KyHUGIuCM46Zrbhyd6NRdn+h5GdR/eRfl+pWZgUPqO9RScRs2TwucA1PNGFGO/8K1BKm1CuCAR1zzX1aZ81IoiRXYgNjGdxzxik8wtKcN/q8DgZGff0qw0auq/dG0DIxnd7VAI22uyqAHOSB1P1rVNHHKMrisCwZV+RjyR/9epI7fzF+8BjHz9TTVUuo80HdjgHtUiNg/JhfYDGfek/IqNnqy8VCuuRgN6f415Drkc0WqXipP8AaIkkyLhWJU57H3r0Hxdqz2NvJptuCLh+JT3QHsPQ1teFfAosvCEj3cY+33hEvlSAsAgHyofQ968avNTlZdD63A0ZUYOUuvQ8V02zNzcLK0+xkYgN1B9qreIIJY7hHaNU3LglTkZHpXp2t6VHdbrWWA2rxMcFU2lDXMXVvPAws9QhingPIJ+649QfX2rkjVTeh6dtLM4fTLh01FShKEA5I74FdBHHcTXIdvmBGSQf6Utv4eH9rxPbB2tsnzEC/vIxjpjv9a9BsF0Kw09pbyx/1cZ68E8dz3/KnUmrjjotTye71V7KZZIlOd56ttrrvCXjjXwgksbTzZiWSJgjPu4zjj05qOXxP4YsC50/w9aO+TiWePziD6jdgfpVWb4h6tP+4tZTCh6JH+7X8k2iruuUxc43Oi1+w8V+JbSAa4t4tlExkmWWVLdMDOGxnJPoMVP4DTwxpV5eXF1JaJG8aJFBLb5aMjqct/PNcvaTa74inW3haaeSTP7qEAEjvk9cfjXQ6b8K9bkk8zUJbWzU8KrnzGA9MCuKvVp8jhJmkFNyvFHcT+PNBggZLFzIQPl2DAP5Csq71658WXkWgaXp+yaQB5p5TlYIu7kdc1FbeB7aC5TTrKWfUL3aSQgEcUeT1Y9R9K277SbHwJ4WvBbMGv78hZpskk+qg9cV59KnTk3U5fdR13mtL6sNTFtc2kf9kzNc3OnoIZUkIL3Ea/xD1x/jT9O1K0vbQbHVyeCB29q8X1vWZDYLJC7xSwTHZtchhkcnNSS+LL+58PW+oWkgFzbuYr87f9YD/q5TjvjKk+wrr9jKoudaM3jUjTfI9j1PU5Io1DfKI2bZkDNcFr2pRWkpAOfp0FcvP4m1i+RUe4AVTuXa1Ubu7ublt9zOXIHQitaeGad5FyxScbRNu1ngUjUtVIco261swctK/YkdgK09F1eHw1HPq2rMWvbkEx26/eYnufQVxS3ZiJeM/vB/GRkiqk00k0hZmLserMeTXQ8Pz6PYwVfl1W5pX2t3Wras97eybnZvlQdE9APp61fs7wTXlrbEhkModz645Nc8i7TuOBgflXa+AtCuPtv9t3sWyyjGIlkXmdvb0HvTqKMI3IUpM1/GN3aQ3elyyRSLbxXBkXbgHzAMg4PHBq/rXjqzvo2ubCN45mYLskAwU7tx157Vz3xFdr2+0yLcqM28dOAMjJrnUMina3zAHAPb8K5PZqcIthGTUmdzoVyL23vbPOEnjLkE9GUg5H61u6FcLHKHTIZe2O39K4Tw/dGC/JjYg7HOM8H5TW/pOokBc7nnfBVV53HsMd/pXHWg09Dqg7rU9gsL1diFm3Fu4NaqkzID97Ixmub8P6Z5ECX+ty7CPuW4I+Q+hx39q37jU4bZQGZIB/tMAQPp611UJSjD94clSzlaJx3jeJ4fM8s7Cecg4zx3rzvSHt5b6+sJpkjadVeBmzkyg4AHcZzXofjK5gu7dUinZWbIVyuAfX615JqumS2lwZ5LpWY5KBM9frWFKPNVkdcpWoxT3NK58RvFLc6V4khZyw2Sso4lA5GR2b3rh723spbqRIQxiBzG7cMB9e9XDcq6LI7EleGJbpz7+9TTWsU2WChUbklOzevsp7e9epThyannSd9Dm7izntmW4gkDkfxDrj3rpNE8S/aITHK+2ZcA59M1nXFtIjkQgOnXaRhlPcY9R3qhdac7FZY42jfAKsOAa6GlNWZEJuDuj2fTdUi1C1EajzWIxkt19qW60y2JMj5X5c7MdBXjeneIb3SZV84sEzyVPB9/avQbHxraXdmGdwXcbW7jHbiuCrQlDbVHfSrxluaMfhqyvneWcZTGQoPH1qfTND0678+wuoEEwQ7HXqPQiqtnq1rNB5MT45zy3WtmxCveRPCPnxwe351g21ozoajYyfDdg1veCKYmKMviZz2Ucs35CvSdDt1v9PvL+aIql4NscTD7sIGEX8v1NZiadHdRRWyuoW8k8mSRT90KNxUH1YjH0BrtUt1t4Vhj+4qhcDsK58RJ2SOeck2fMvinw4dG8ZT+HfDFndTXt05ke42YPltyI4v9nnlu/SqmreHZdGe00a9spoZ2+cWSMJJ5pDwDhT8uc969MvNd1G38YXkFiwS+uZDDJfmHf9lgXCrFED1fuT0BNZeoWFroV/LcWcEralqjGK0eWUvOI+jXDE8gnnaPevoFNqKbPMcfesjnfB+iXQv7hbxT9rcmyjVDv2qG+ck9OPu8e9e92Nv9ltY7dE+VABx2rC8H+EI9Fs0kmA89l6AfcXHArqAoUng8nBzXxmZ4iWJq6bI9SlBU4cvUZsAjYnjGT0rHdN0WCDz3xW4w2QPxztY1jtuSMEbc91PHFfQcPwUKMmu/6Hz+ce9UivJ/mVxCsaFVUDOTyec1A4+bAQZ7DOattFkElgSfQ1CwKttBA464r6aLPn5IpFTsYsCgzkjHSo/vbwq4+bI79aZqNndyK8thfmGXb/qWUPGfr3/KuP8AEGoayY4reeOKFUnU5t5GBlxzg+goc+XdGSpc0rJnX7kY+SQ4wPvkcEVGxMYO5gFHYcgmsxfEiEgyaVqScbseTuHTnkGrYY3UCMY2hBGVRhtYDvkVvBqT0OOrGUFruR6Tpjapq73t6VmdX81yTkSMfause8vXBHyfyqlpMUUVhHGoGRy2D3/rV9QShOAe9eLDCRlFNyafkz6qvjaiqNRWhhX18ou2W6jc7O4TOTj86pwGyeKUatDBPalANkasGjPY5NdIwUqC4+cd8U82/mja6qQfUcVm8FKLvFmkcxhs46nmNzH/AGVPJPZO95YZzuaPLJ2wfeupt/CUF5oypdXFzELhFZlCqCue2fpXRSWMKqiBF2JyqAcA+vvUxJwP7o5NVSw7c/fSaFXxadO0XaX6Hkniz4TXk2o2v/CNvK9uUKzeZMuQ+eDzjjHpVnQfgvPFdxSalfxxSZ/gJlYfyFemXN3FZxmS4lRYwMAt/nk1StfFWlPdqkUxc7ucAZ/EZyK6Zqmla9jCnUrStZXL/hzwbpnhqRntlea5xt8+U8gegA4FXy8+q3DQ6YFCxtiS7flYuOQv95v0qG6mGpxTOkrx6fbx+ZM4yPNY/dQHtzjOKmvNRTRvDvlIUVYF2kZwCe5/M18jCi379f5LufSp20gYuq61pOixf2Pp8k4BOLl4eZHJ7s1R+L54n8NwTxJsEceE3decdAeprmLjUgbr7RdSCG0UlvlADyt3Pr7Cp9b8R22oaETIY5AVKxncdqADP4t0/Grc5SeuxsoKJ5trUEdzpkklsmxYW+VQvJP8RNc7pl8+nXmSu+CVfLmjYcMp7Gt66uHhsCZMqJBwjd8+tc7JGjAEZ54r2KHwuL2OWrvdGzNpM1qon0zNzaH5ggPzxj0/2hTII4p4DIFDnOPp9adoetLY7be7LGPOFZT92utm0LT79PtNvIYXcZ8yLGD/AENRVqOm7S+8qnZ7HATqqOfLHOfyqMJ3I4rY1HRruzvfIMQnYjerRfxL6kdRXX+GvCMMcMN7c7LiUjejLyqj0HvWk60YQ5hqN2Z3hHwX9qZdU19DHZxnMcD8Fz2JHp7V273kFzMIYF3Mo+RUGAcdvatSSxt3hWSaUbQPudh71laz4j0rQtPkmtQkku3CIP4j2H0rzXKdaWpV1E878X3gl8UXCq2Ps6LCgU52nq36nrWRZXrBvJdGnZzhYhyxP+z71b0jRNR8V61LFYIGkZvMubmXiKAE/eY/yHU11Ca/o/geU2vhG1jvdQjG2fWrkAs7dxGp4Vf1NejyxUbGKbT0HeE/APibWZftNpZG1tCCBc3oMYweOF+8SPyr1nwr8OdJ8MA3M88l9fAEfaJBsVAeu0Dp9eteI3XxG1u43G98QXBLdQJiAPbiprT4ha3GsXk6vNPCDgq53qR6EGoaktUitZK3Me4XzWC3Bjtb+dbhwVi2nPlDuEBGBn161wd3FIt/HDpmsLcTSMxdJ02sCPX+909ad4d+INtrF6ttf6eYLpVLLcQ5ZVA55HUfqKwZ2nvL3UbexnZYTmVN+BKCTnn1HHbp0rktPmtI0grao6bVdOutdsYILm5eMxKcOrq2W74HYY7VgapoU7aDIkoMjxcibA4PqcH04qxaTPFp8F2Mz9PNilYgofwqw8llK2Y3ns2mGCA3ykdxz1rKFSUZam84KUdDyGV2glaSIB0YYdCOvamQ6p9mAQjzrds43dwex+n6Vf1jTZNE1iezmIMed8TdpEPQ/wA6xLu22bjERsc5AJ+6a96NpLU8iTadmbrOGiWaGVpA33JOhk9j6OD+Yps0rPAp8vKHOc8KT3/3T7VyplkhYozMuP4enNL9oYklpGOTzk9fr61XsyeY0L2SF1CjnPcjj6VnNBIjGSGQp/utU3ngphPl3cfL90++O1JlCxGB9VrRKwrixahfQt8l06k+hrQstT1WZhFPqVyYD1j8zG6qKwo/ygnPb5K3ZPCs9tpQuztO6PfgsPy/WplydUOLn3PU/h5qoOiNaFyFt5I5gHOSAHAbB+jV7IwBYEHgjivlTwfq13a300EhKxSW7xlR06Eg+3IB/CvpTS9Zt7/TraSG4jkd4lOA4zkgV4mMjyS9Tup+8jn9f03VtGvbm/8ADNha3Nxenc7SLlopMYyuTgDHseawfAuj3M3i6/n8S5uNUiIZnY5ABAIx7c9K9PBLnng1wQ1BrD4p3yBgRMkO5fwxn+VYe3nVpyp30t+Wpaik79TvtvLEjFR/xAcZ61KpO3JJP1qMKC2SMkV5U4ppWNEyK4BFvJgAnbgZ6VlnPO0AjaDya071gls3+0ce9ZrlsNk4H3cetfWZRDkw9+7b/Q+dzKXNW9EQyKSvzAHIqF0yoGTjtU8iyEccDuT1qB0YMSDjPPzV7KPHkQjHlkAbeevXPrUMiRrGy43jPAK5+lTeX8p5zzk00pj5iTj06CrRg0UpGWNQFVRt+UDtiq6Rgy4ZOODj1q7JhS2/AH1pheMZ649a1Whyyim9TWWNEbKoFPT5Rj8akDD+EZJ7VF5g2lTkA96cQvy8hT6Zrk5Utj03Nt6iv8y/wnHNJvXdhuMjjNOVVKdMd6RhtzIxwFySzdBT0S1FZvYhZiowp56iqOpavHpduZrplH92MHJamX99cR6ZNqEdrizt13NdSnah5xhR1asLw7ok3jPVGvLxmh0eH/XTZwWI52IfU9yOg6VyVK/SJ6VDBylrPRFHUZ7+68N3vie9/dW0Z8rTrZ/+W8pON3+6v6ke1WfAPg7Q4Lldc8W3T6jfj5xEygQgnvjv+NU/iZ4gTV44dG0tRbWkLCOFI+AMEAcfnWc2qs1v5cTFUjTC4PUAY/lXBKbWqPdpUFbl2PRviL4ujs/sGlRR7VnlSSQ9OB8wUD8BXM311da5HvVh5C8s8h2BD6Z/ibIHSsTxtdxt4k05njMsj28ckYY5RcxjtXOatrt3NZCyjlPlgHYq9+mSfQe1cTpOrJSZvFqnGyF8QXNob0wwyy3s2cPMz8Z747Y/zmq2yYbDJgqAD14GDWZGyRgM2Q2M4PH51cSaKzsf7Q1pg8Y/1FoDjzj6n/Z/nXVyRUeS2pHM9yU6ebmWO7vWZjLu8iEdCF5LH2rFvGjN4SqbARnHpW89zdx25vtUKrfXqYhh6C1h+nYnH1A+tYEqeazSR8oOF3fxDufzqqd09SZ2a0GbdxAJxxxiuu8G6g6WVxHMzfIwUA8DnvXIA8bXGP61ct5ZbZknglcIhHmKG4Zf/rVdSKlHlIjdPmNqfV44fGF7HKBucJsbPIGOldhp0clo0d9ZMfskuDdQg52/7aDsR1I7815xK1ld2rPeQ3UV28jGEpCWMq54YNXV+HvENvo+kmDV2lSUDaSIy5Ye+OKxnTXLoVCZo+MdXaG3CRSEs3JVDw46qR9a4KJbrWL9VbajuCS7N8sajlnJ7YGfxqfUlE8ymG4jeJmby1D5eNOvzemO1V7iU/2ReiN2RHkhhIHGV+Y4PtwDV0qaprl6icnJ8zNLVfE8TJDo3hx2t9Gtjvfbw08uMF2PVjg9+5wK39G8ExpZtqPiomCJIjOtkh+aOMfxSf7R4AX1PPpTPh94Ray0o+KL62SQqcabby8Kz5/1zZ/hXt6mtfW7wR/8S0ytdrJMv2qQcve3RPyxIP7qk5PvVTkubliY8za1OVm01ZT5r2wjT+CMj7g7L9e5qnJpCSLIyFoWPA2nHHrXod1a26Qm3JEkkCbGP/PR/wCI/nwPYVyt0xa9aMFVjh4kb1PoKiNRt2ItZXMvwzqsGgXl0moOzynCo7c4XqQfxxT/ABNrb3mpQR6WojkgQSeao5LZyMH09axNRg8+7lkQfu+pbuB2qhYysLiWGN2faQQM8jscVqqEXL2harPl5T0/w3rov9IjnnhRfPJEqqCAGzgkfX0q8mye2a2k5xlRuPpXMeGd/wDYVwgwHgm3Ng4wDzkfj/Ot6Et5+SMPwxX6ivKrQtNrzPVoyvBMoazpDa7ovlxn/TrIkRFuN46lc+/864SIbgySrkjIKN19xXqpkW3uHdsmNkydq5PH/wCuvN9SYp4hvIZTtk8zKt0yDyM134Oo2nFnDi6UV76MOW2SbCSHbj7kh7exrNmhmt3KyJ+Irq7ixE9qeMSlS31I7VlW6rdA2k7YkAzExH3vUH39K9KMrnnsx/OUkYPPoRirVrG8jhVQszHAHrUsukqSWzjnB46Uo0WVYy0cxLKeAKptBcljZyGZIJFCY34J+Xtz+dbcPiB7jTVsDGBGFGHVfmPtk9q5o2t7FkK8o3DBA7j3qxpNnI92BcElEIzmolFNalqdjd0i4FmVchWuJm2xI3Cj1J9hWlomumDxJM6y7bcSAQQH5VKLgHGPX1qv4gtLKwtbbUoXYxz5hMMj4BAGcZFZ9lfeFruVF1KC+tnK4WW3cPtIPB2N1/A1jZTjzWLc2tEfTVhqqMLUo/m2lym6C53Ajj+Bj/e/nXn2pyCz+MTyy5P2mBWiX1KnP8gaPh3oVxcW+oS6f4g+2WDqGgCLgGTukkTdDjuOnY1w/jHX7618XWF7cwtby2oICB95ADYIzXlxw1qrS6pnZGreF2fSoZXAIOQRkfSmH73fmqujXK3ej2lwvR4FP04plxeahasGFh9qjHVoHG4f8BPX868aS15TRMW+yWRNue5qo+dy5HAPQ96ydS8d2KW8xihkW8XBEF1GY/rk/StC21vTb6FJrW9tnyoGBIOCeSOa+zw6VKlGmuiPm8QnObn3FZiwJFQupKHcCR1IHerO+KcfIyEf7DDFMCDyiAeecdsV2JnC4lF8gHbkjP1xTZIzhgwX1OOePSryQhz1AA74qC82rt2jH09KtS1MJQ0uZEzKS24EEHg4zxSKApZlUsGBHXpU7hc7eq8g46Gm53NwAOOR2J962T0OGUdTRxnII575p68lQe5+tRKxZ8bWGOQccGpv3YPfPv2rnO+JKOhUthumaiaIXt/a6cwzHNlpx6oO340u5Q5x+HNReHn87xbqUx6xWqopx0yf/rVy4qbhTbR34OCqVUmTeItcivLG60f7PEiTQmKPeeAfp04xWH4h8WQ2WiWmn6fAsFuYFIVOMnHJH45rmPHc5h1Da5wfTB4I44rjG1NvIaCV90YOVfqYj3/4Ce/pXh0alSd3Jn08oRjaw8SmfXofM+Uks/HPQZFXLiRYrZlOFAORxz9KyLY/8TVnYEhIiQVPbjkVLfXIlViGyRz68dq3fxJGsHaLZJ4hu5JItJlBLSrEFYse4yAPpWNel4GUF/nk5Yqefb6VdmDXmiggAGFmUkk5JPIrCDGZDLM/lwqMNzy3sKunG3yZz1GXEaCG3e8vcGJOAGPMjDsKks0aZk17WFWRiw+w2bdGx0cj+6Ow71XsLRNSdr/UkMemWh2xwjjz37IPboSfT60mo38t5M7SYDtwSnAjXsoA6Vdui3/L0IT6jLy6lu7iSSWRpdzFpG/vHPP4UJcDABwV96ZGoC/unwB2B7UyXCvjb7E4q0lshX6llkV1DAKMUttKYZ0bbkZIx7HtVRZGAHXj14qwoyh7Z5xnuKTXQaZbvvEd9YeRbRnNukeIgB29/cVgz6pJM5y8gZuwOcmtC+hF5ZMrH50+ZSPeq2nJafYgwtSLiBiZJmbgnsoFa01FRvbUxqKXNY1tF0i8urmDTdNga5v7xsJGvUn3PYDqTXX/APCCr/wnum+DzKs62yC91i5jOVHGcewAIUepOaz9C8Wv4Fjkk06yt59RniH2i5uCcxqwz5aYIxxjJ7mu+0nxBb6Xa/aGg8rX/ECpLdMfm8kYwijPPT5ufWsJSa95ly0fKJ4/1KEana2NmVSztwqW0EZ4aTGBnHQL6e1cb/aC6HqQ1Vwk8kIZI3Z8ESMMAIMepyT1NQajqgu9UuCiN/o5ZWkcdWzg/ma525nkvtatYQ2EjPGD0Pc/Wppq+pjJ6nRwXWtahcGb7HdRpvHnOI87e9ZrSXEtxNDOHiR2y7NwWHp+NdnY3kUFgBE2yQjOeefr+A/WsG9f7ZOTPJsYjnIyn4jtWUJavQckrHM6/fLDb+Vbr+8fp7AcZP8ASuZRniQSROySJyGFbmp2ZF+7oMhhjjlSPasCYeWzoOxPWvSppctkZN6nf+DLzzGvnnRjFcwK/GRyGwcfnmuqSWOW4SVGG0KcqTyMHg1x3gq6D/ZDnGwvGR7Yz/SvQZrH7WqNAER4yHA4+YEcivGxTSqnrYbWkNQmdMrIVmibcPTjqD7EVwPj/SpLXU11OIFVlIR124wwHX8R/Ku4to2NzLFFJh0GdpHHPrU+s2A8QeC7kuieckeBngKy9PpWeHqeyqpvY0rQVSm0eXafqQmRPMwJF4HvVTWdP8txcwKQjHORwVaqEsc+nXzRToUkVuR/Ueo966C2uUvLYRzfckGCR2r22nF8yPEKNvcfb7N3IHnR8TrjGf8Aa/Gn2rCCXGMjseuKo3Ecmlal5iIGK8MvZ1PUVoQNHKimM/uZfmQ9x7H3FN7X6CNO0iDZZiGBGcY6Vag0+KVWi2gmRyy84GB2rNhmltJnBIIX7wz95a2LVm2eaqA5BLK/b6VzybRSMbxnGbfSbS2EUx8lvOBK5TB4x+lc/wDvb1I76WGPYG2Rqp53emOuK7W7QXMrQysxiCAAE/KMcHj1zWCLKOxvJI1jCuPmUr3961pVEo8o2up0PgW6fSPEVpPC4RslSpJ2nIx071a+Mlsh8Y21xEVWK8tBLv6DcMg/yrntOuCl/GQdrI24E/mK6H4rzx3g0aeNg4aFhn0HBAz+JrFL9+maQl7rR698O743Xw/0mWTIPkBTz6VvzTMgzHjcRjk4rjPhVMh+Gunu+SFBB9sEj+ldC0rTTMM4A9O9eDhsNKtmUovaLb/r5m2Kq+yw91u9DO1fQrTU5GecMJJWG5lPLBegNFt4b0vYRLaw3Bz8pkjGU9sitNlJQleRnoeKUHavyg9MZzX2XKr3sfNqUlpcqQaTp1lIJbe0igkXhXRcEA9akY5YFx1PHtUsjgL93Jx36VGpAUAgAkcZq0rGUtdBF3L90fdqvdzErzgEValYJA2cA9TtrMnKsxI6N3HeqgtTCq+VWGqA6jkev1pZAqFUXG5+APanR7FIXp6+1I4P8AXHfmtOpzW90stgN8x+mKcGAHzE7icbf60UVmdPUcSN5DYJ7iofCQ233iGeXI2TIqZGOAuaKK8/H/wj1MsX775HK/ESwN7am/swWaE4mXHTPOR7V5C0zRz7k4Oe9FFeRhHdWPpq2hb0Nt9xdIE/dLGCC3VRnp9KbeygStwME8AdqKK6pfxBx/hlGPVZbZ5bRF8xLuMMN/RWU9fyrOtbO41PUViuH2RJ+8kYDhUHU49aKK6HaF2uxyO8mkzS1TU3kkjht0EMEA2QRj+H1Y+pPUmqsaBECE5yc5FFFTZRjoO/M9RzRCFdxxntjvUe0lPmOc88UUU4gxqlycD6YNTKwL4wM46UUU3sJDpLgRoRFkt0AI71OLcRWoh4ZxzIR/ePWiipehdr6mpoul2WtaxBfaiym106H7ReWzMA0rRgBQo/iVjtBx05rYsdRkuNVOpXamW4luN8jAnG49FHsB2oorGu242MGtblTVMQxS8gF3LswH3m9a5WwlJ1PzGOOuKKK0w69xmc9zrZrtVsw24nkcHp/nHFUFvWuy+9+O5zzRRUKK5bjb1GtGvkESrlCSwB/h+lcvq9qYyJk5RuAfWiitqEnciZq+CZyl3swWIlDKg79eK76x1eYTRefKFjyoKkdO3NFFceNSU7no4T4GZA1G+84+TazpIrMI7hhtB5J+b2rcj1W803w5fXE7xTfaLc+cXbnPOCKKKiUVeKNk3aXocjqNvHrnhSV0H+maaPNQjq0f8AEp+nWuasZ3SHIIPQiiivUp7SXY8ifRmrlL6EI33l6ZHasyB3sbw287eXC78E/wADev0Peiiqju0QbSILhALlTG8ZCE9e/StaBliZ7iU/JChlbHoOg/E4H40UVzS3KRGrm50cyg/vE689T3qtrUJQwX0BBKBcrjgiiislpJJdzRr3bkE0Y/tOGeM/u5wRj3rT8WJJceDtLvfLWRbK7aCSNv8AvoZ9jzRRWi+OLEtmjufhLqST+DZ7fbhorhysasdqg84+mDXdW/zxKwVlTOB2oorahShTlOUVq3r9yOXFycnFPoi4xVUHAzVeSTcFU9D68UUV3x1PKqOxXdjvIDYyOBT434G4HdjGKKK0ZhfUJ5P3Rzwcc81kNKBJk8EnjHpRRWkEc9eTFjZxMM5y2Oc8D2qZ9ocjG0Zooq2ZQb5T/9k=',0, TRUE);
INSERT INTO QCM (id, id_theme, id_supplier, name, description, is_validated, is_free, category, price, minimal_score, is_complete) values (103, 103, 104, 'B2oba',
'Un questionnaire pour tous les fans de rap hardcore', TRUE, TRUE, 'sommatif',0,0, TRUE);

INSERT INTO QUESTION (id, id_qcm, title, answer, proposition1, proposition2, proposition3, question_number) values (101, 101,
 'Quelle équipe a remporté le championnat de France de L1 lors de la saison 1997-1998 ?', 'RC Lens', 'Olympique Lyonnais', 
 'Olympique de Marseille', 'AS Monaco', 1);
INSERT INTO QUESTION (id, id_qcm, title, answer, proposition1, proposition2, proposition3, question_number) values (102, 101,
 'Quelle équipe a remporté le championnat de France de L1 lors de la saison 2015-2016 ?', 'Paris Saint Germain',
  'Olympique Lyonnais', 'Olympique de Marseille', 'AS Monaco', 2);
INSERT INTO QUESTION (id, id_qcm, title, answer, proposition1, proposition2, proposition3, question_number) values (103, 102,
 'Pendant quelle guerre l action se déroule t elle ?', 'La seconde guerre mondiale',
  'La première guerre mondiale', 'La guerre du Vietnam', 'La guerre froide', 1);
INSERT INTO QUESTION (id, id_qcm, title, answer, proposition1, proposition2, proposition3, question_number) values (104, 102,
 'De quelle ville les 2 personnages sont ils originaires ?', 'Macon',
  'Paris', 'Marseille', 'Lyon', 2);
INSERT INTO QUESTION (id, id_qcm, title, answer, proposition1, proposition2, proposition3, question_number) values (107, 102,
 'En quelle année est sortie le film ?', '2016',
  '2017', '200 av JC', 'Pas encore sorti', 3);
INSERT INTO QUESTION (id, id_qcm, title, answer, proposition1, proposition2, proposition3, question_number) values (108, 102,
 'Quelle acteur incarne le personnage de Léon ?', 'Gregoire Ludig',
  'David Marsais', 'Mickael Jackson', 'Bourvil', 4);
INSERT INTO QUESTION (id, id_qcm, title, answer, proposition1, proposition2, proposition3, question_number) values (109, 102,
 'De quelle association de pays est née le film ?', 'Franco-Belge',
  'Franco-Americaine', 'Franco-Allemande', 'RFA-RDA', 5); 
INSERT INTO QUESTION (id, id_qcm, title,media_type,media, answer, proposition1, proposition2, proposition3, question_number) values (110, 102,
 'Quelle célèbre acteur fait une apparition dans le film ?','picture','/9j/4AAQSkZJRgABAQEAYABgAAD/2wBDAAYEBQYFBAYGBQYHBwYIChAKCgkJChQODwwQFxQYGBcUFhYaHSUfGhsjHBYWICwgIyYnKSopGR8tMC0oMCUoKSj/2wBDAQcHBwoIChMKChMoGhYaKCgoKCgoKCgoKCgoKCgoKCgoKCgoKCgoKCgoKCgoKCgoKCgoKCgoKCgoKCgoKCgoKCj/wAARCADVAKADASIAAhEBAxEB/8QAHwAAAQUBAQEBAQEAAAAAAAAAAAECAwQFBgcICQoL/8QAtRAAAgEDAwIEAwUFBAQAAAF9AQIDAAQRBRIhMUEGE1FhByJxFDKBkaEII0KxwRVS0fAkM2JyggkKFhcYGRolJicoKSo0NTY3ODk6Q0RFRkdISUpTVFVWV1hZWmNkZWZnaGlqc3R1dnd4eXqDhIWGh4iJipKTlJWWl5iZmqKjpKWmp6ipqrKztLW2t7i5usLDxMXGx8jJytLT1NXW19jZ2uHi4+Tl5ufo6erx8vP09fb3+Pn6/8QAHwEAAwEBAQEBAQEBAQAAAAAAAAECAwQFBgcICQoL/8QAtREAAgECBAQDBAcFBAQAAQJ3AAECAxEEBSExBhJBUQdhcRMiMoEIFEKRobHBCSMzUvAVYnLRChYkNOEl8RcYGRomJygpKjU2Nzg5OkNERUZHSElKU1RVVldYWVpjZGVmZ2hpanN0dXZ3eHl6goOEhYaHiImKkpOUlZaXmJmaoqOkpaanqKmqsrO0tba3uLm6wsPExcbHyMnK0tPU1dbX2Nna4uPk5ebn6Onq8vP09fb3+Pn6/9oADAMBAAIRAxEAPwDyXx94s8T2vjbxDBbeJNahgj1K5SOOO/lVUUSsAoAbAAAxisRfGfivqfFGu4P/AFEZv/iq3fHGn2n/AAm3iOW73ZfUbkqR0z5z8VV1TSfD8ehfabGaY3IxuRume/NUZtmYfGnivGP+Eo13P/YQm/8AiqZ/wmviwkf8VRr2P+whN/8AFVgPjPynjtUZORnPNFxHSDxr4r3HPijXf/BhN/8AFUz/AITfxZuP/FT67/4MZv8A4qued1wOOnWms4ouM6P/AITjxX38T67/AODCb/4qmt458WA4HifXv/BjN/8AFVzofkAjNLMecdu1AG//AMJz4s/6GjXv/BhN/wDFU0+O/Fmf+Ro17/wYzf8AxVc4Q3egKWOO9FxnRf8ACdeLT08U69/4MZv/AIqj/hOvFv8A0NOvf+DGb/4qucxRg0XA6T/hOvFv/Q0a9/4MJv8A4qlHjvxZ/wBDPr3/AIMZv/iq5r3ozzxRcDqF8b+K2bH/AAlGvA+n9ozf/FUreN/Fa8HxTr3/AIMJv/iqw7bF20MCqsco/jH8VeieC/F+kaesdl4i0CzvHDBFlEfLr7+/vSEcm3jnxUDg+LNfH/cQm/8AiqUeOfFOP+Rs17/wYTf/ABVfRXw31D4by6dd22o6HbTzrduYjLb7m8s4wCfUc163ofhP4daxH5mm6LpErY+ZBGNy/UGi7KsfDP8AwnXin/obNf8A/A+b/wCKre8AeM/Et1468OW9x4l1ueCXUraOSOS9lZXUyqCCC2CCOCDX2+Ph14P7eG9M/wC/IqlrXgnwzp2ni6sdDsILiKeBkkSIBlPmpyDQmwsfHXj+f7R421qDIjZNSugA/Ab98/Oa5XV5EWMiHCqeGTPeu6+KtrE/iHUWZUfN7c8Dgj989eYXQCuRHkrnvSTJK7flimZPenMcdadEmc88UwIyPSmEZ6VbZAe1RyRYXIHXrRcZEoI5xQefrUwjY/lTDEQOeKVwsIygrnrUeGTnBqVcg5A/OnSySSqAxGB6Ci4WIHOTkU3ryKcUIP8AWnbPXpQBFg0E54NPYYwTTD1pgCnaQykhhyCKv2s8cr4uxvZuNxPQev1rP+lOU80AfUnwS1DT/Bms6ZZXt1YT6fqkeI7wgbg//PJ/f0NfRN54d069uEvYYPsl6v3LmH5HH19RX52Q6zcf2WLB5D9nWRZUPdWB6g174nxh1mLQbWMXYa4ESohByTx1NRJ2Lgrn1Jpct1D/AKNqTpJMPuSqMCQfTsai8Vf8gWT/AK6w/wDo1K8A0DxV4j1u0RLKeaW/iXzFVRnA7k02y8X+IL7UbC3vbyRoHvbeN07H98maSmb/AFd2bueR/F68hbxFfxxuPMS9uQ4Axj989eZzPknnA7V2fxLx/wAJp4gAGT/aN0cn/rs9cc8Z3dKpHMyHbnpzVq3hO4NjirFja+dMFxtA5JrftNPDECLnPrSlKxUIORh/ZC447Gp0sizBCpzXSrp4iO4p9QKWWJVnRyNq9DWfOdCo9zA/s4RjBA3VWmtDnhcgd66a7tS7gN8uODVa4txHlVXK96XMU6SRy80OTxxVZrds5WugngTGVBxVMR4OMY+tXcycNTL8pgQCtKYSD6elbps90RbaDx61T8kNIA52r70cxLhYymh64qNoGAJxx610F39lCqltH0HLHvWbcoSpAPHpVJkSiZJ4NJUko2k5qMHPSrIFU+5xW3oWoC0uUZ08xf7p/pWKvX0p8ZXd8xbjpik9Rp2dz2rw14xNiDNbyT2hkGxig4K+ldH4c3XeraZdQybrb+0Lbv385K8S0O8vod0dpcoi/eKTfdavTfh79ubV9Jee4Gx9QtjtQcH98n6VlazO6FVyi9OhxXxHcHxz4hBP/MSuv/Rz1zEv3FbjPSt34iHd498SAdRqt1/6OesAjKketXfU47aHQ6Db5sjMy5JOBXTaVZFZA8gwx5AxUfhS0V9Gtsrld3NdlLZxGJQDukByFUc1zzlqehQpqyMQQhhnHJPI9KoXVkzybYs9c1t3EbRkhMIMc7etR2MQRw7HOD1NQtDdxvoYdxEyMwbO0dGNVLuONYAd3zntXR6zEjOQnU/Mc9AKxJY4whYAdKEyXExdrqMLjn1qF4t2QQD34FWnBkc4Xdjr7U4RsOQAM9q05jBxKixlV2AnBqvJCwzn5vStF4mHBYflSfZyy57ijmJcTIMZDZPNVbgYB4rdkh+TAH41l3ULAnPIq4yMZxMC4T5jVU8VpXKYz1JqjIK2RzjV9+akCntwaYnWpC2AeaYjQsNQMDAYDcY5Ga9Y+HGpPfa1pKFR8l7bEkdP9clePW7xEKHU7h39a734SSxx+LdMhErKGv7Yhc9/OTiotqXGbjsZnj1C3xA8T4wMapdcn/rs9c/jLHpxXTeOkM3jzxOiZ3/2ndYGOv756xCkSpsdWWUHBz0pPcFseleEIRJ4bhQZDDJ3V1FrIhhDW7bOMMx7mua+H7CbRjGzFmDEfhXVw2SvM2zCoPSuOT95nrUfgTMue2cyyHIVGXhj2rPtrZdzo0rSAcjPA/KupmjhitW8w+czHG3+7XPxJtvWQhQh9etI0tcbdqsiBI1CkjGR3rKe28tSAgYqOWrelKI4KAEnIPtVS8lgWCQbhjtijYVl1OYmjPmZVRz6GmNA+0tuGPQUj3tqjsPM3HsKjOo2qxkiT5u9aKLZhKcVuwaHDYOcmlCEL1zVb+2IWOVGR78U+DV7dpMSQrtz0Bp8rM/aRY2XvjJBrNvEO3J6iut0bRD4gunjsbi2tkUbme6k2qvtmuZ1CN4ppYXKkxsVJQ5Bx3FNJkSaZzd2MNzxWe55rSvUk3NnoPWs91O3d3roicklqQnP40nfBqcJleeKYYyeccVRNhUGe9dh8MoQfG/h11kww1O1yvr++SuQEbJz29a6v4ZsV8feHCeh1K1H/kZKQGl47uivjrxGqgAjU7r5u/8ArnrnJpftA3LtUrx7tWp8Q5T/AMJ94lUDkandf+jnrH0+2JUSyAkZqJaFI7P4a3pttVFtISA47nvXrgtTJG5jcbhyF6Zrw3w/HO+v2ptkJKuGkf8AhVfc17JeaomnWzSBoyCuUd2wD9PWuWpH3ro78PUSjZ9BmsS+TZwl0Ea5+7XNTXsJkGGG8HrmuX8SeJLnVXxNKCiH5dgxWQL2BVQyFznhtpwfzq1S01Klir7I7OfVAJtoPGeTXP6veTSsRboxjJOTXTWunG1sWSxihvMqJPtT9AD0HuaoSQTTCSCd4oHkGVkxxx2pRSTCblKHN0OEkiZmyWI+lLHLZqCGLbh14pbmJxLIIn5DEYPrTdPhK3G5wrN3Brov3OK1tkLHqFgn/LFyB3q5byaffNtXMbdRnjNEGmW4lLkAsTkJnitWPTll2ful47Y6VEnFbGsIze6H21mnlMoBbHIwafJaDGCuPerSQLEmAu0DtSlAEIBG7rzWLlc6Y07HN6lapggjmueukCpwuK6+/XfnJ5rnNQi2tjGBWsJHNWgUUjDLH6mpvIVYgTk5pE/d45yT0qbIlcR5PA5xWpzWK06AQIw5wcGus+GNtE/jDQH3hZE1K1Kg9GHnJ+tYk9sq2+MgsBnmrvw6vM+O/DMIGM6ra/8Ao5apJEtj/H6b/iB4m44/tS6z/wB/nqHCRxKmCCelWvHuE+IPiI4z/wATW6bA7/vno0lp4rlbyOOOR4xkCRdyD8KynuaQLlzMbWCO1tBiPaGfHG4+pqWKX7fbNc6lcyGO3XaEHSorpWuLcXjOuTlW2jABHbFRaFD/AGgL3T14klG6Pd7VDNY7mJd3T33mDTbXbHH956oLaXbKHcFR3yetejf8I+1hZKm1EUj5yTjJrOsNCm1nUUs0IhgLfPK3AA7k+1VGoloipUG9WzuPh3E8/g2ZH5ljVWGf7tZ1zGkwdJRgk12WjW1vay6munrt0+GFbeEn+MD+L8a5TUIwsxYEAnoK55u8tD0aUbU7M4/UNOYOQ0YDA4yOhrOGmuGyFJB4PtXbLEznDdD60NZopBXyyc9jTVRmToroYNlp5Vg6g5UcVpR28pIyWX+ta0cOQcbQBzToowv38s2alu5pGmkZz2pAJOSPX0qC9QLFkAc9K13APy9FqldQMR1BGeM0thtWOelQsnI/Csi/iD9a6O5hAlYMSc1kXiYyFHyitYs5qi01OalhkPyxL839KbFGYHWSQEdjXS2dsPMYsMjHFRan5MVq26McVrz62OZ0tLmBeXikMUbnGKufDgZ+Inhc9P8Aia2v/o5a51iwdjjAJrovhuM/EPwsen/E1tf/AEclbpHIyz4/umh+InijGP8AkKXQ/wDIz1W0rUmeEwhtoz+dRfEk/wDFxPFXP/MVuv8A0c1ZNixV1ZVOBwaUo3RUZWdzonvJbZmQjfC3JB6Vb8PX8J8Q2MjK0SmQLuBrPija5jYk5Xp7ioDbS27RyZ5RgRj2rG3Rmydnc9r1GzN2+Qm9FPyqau6ZoMkJBlXBPRegFQeE9Uiu4ba5X5gVGQe5rp9Y1BYrNmQgccHrXKrnqWTV0V7eALZ3ESHlTzjpmuZvoArhvLDP2ratdZtbPS2DAyyyLv3D1NcrNr6GYgHr29KaRothJbeWY7ANpP6Vmalazw2xCsVcHINVtX8QPYSkWyvNJJ0VRyKq2uvXN+5jazlRz13Cmovczco3tct6bqbIRFcDnvXR28sMuG+76GsZdKjuYVVmCyj+MUy2SewnaOQ71B7d6TNFpubkyRFTucjtkCqkkWU2hycc4PepUmEzEYwvYf0pAU37TjJ6CpuKSuZVzFgEuOT0Fc9qC4OFHXqK62+CsvIyfX0rnbxNzHv9K0gc9RFTRwHu9kn3cVem0qK9Dq7BcD5awLvUV02fzCCXH3VHemtr89yrMF8te9dMI3OGrUSVjD1K2MVzLF1ZT1rZ+HVtJ/wnvhhxjauq2pP/AH+Wsae7EkzY5LdzXU/DoiPxr4cBxk6na/8Ao5K3SOVvUwfiT/yUXxT/ANhW6/8ARzVzySOgwrED0FdF8Sgf+FieKf8AsK3X/o5q5wD1pFGjYXskcq5c9efeuiku47iEYIDDj2rkbdRvFX25jPO01EopjjKx6H8Nr7bcT2cj553x/wBa7zX7hpLEgHkL0rwPRdXudH1CO4j5AYZB7ivamnF7YxTRncsyB1x71y1YcruenhKvNHlfQyho91qdjFJDfPasv8OMg/Wsifw7exW3myziSfdyV6YrvrNfIsYlVcAjmqmovBBCzytsj/nSTaR0xpqb1OS0O23yNJPhnH5itTq25EA9/Wkt77T7Lz5UZJS64Ve9ZLeIo4mLTRqoBPBNG70NPdhGzZuozqmeD7+lWU8ueIJwSBnd6VycnixBEcQ/uW/iAPX61FpfiSe5nEkFlKYkO0sRxUuErGTrRvZM6y2VpHdePMXqB3pJTGx3NxIn51JEVluI7iMFWPUdjReoizeZtySKyKexRuZoyScj3rIkKjfIPu4yKvyMJFkzjrxWfq7C10id22gbSBW0Ec831PPrpnvL6RycoDxUc0hZBEnQHLEU+Fl8o7MhlGT70kMBVQWHLc/SvQStojx27u7GQxE9gPr2rofh+zL8QvDClvlOq2v4/vlrJcCMY4Bxk1rfD3J+IHhgjvqlqc/9tkpiKXxI/wCSieKf+wrdf+jmrnhC5OACSegFekeKPDVzqHxB8TSIo2Pql0QT/wBdnrc0bwhDYKJbhVeXsMVjKoomsYOR5xp2gXUiCSRTGp9asTaV5eQx5r0m9t0AwFIHriua1GEszlQNijrUKpct00jnNJ8O3WuanFp9jGXmk6k9FHqa928L+Bb/AEzR4rGa8SYRk7ZNv3R6VU+EmkHQ9Pn1u9QK12AsQI5C+v411c/iMwpM8xEUGeGPasKtRyfKjtw9Hljz9TNutCltrMqJhKEPauV1Pw42qwO8k0kQQ7UbqCfpXVWeqS6pa3Nzp8M8lpACZJwMrn0HrXH6x4uWJTADIHblVIwR+FRyS3OqM4bM4/WPCV9psSyvdl42bG0Lg1Ha6HEdkj27TSgg/OeMVt3F/f3MRnnRmhUZ57VBBqUJ2EsWUjtWkZSsDo0W/ebLh03dbR28ixiMNn7Oo4X3zWvaaelvZ+XtAVuuBVe0vbc7fLRhu9fWr6mSP5XbIbpis5ybNIwgl7qKTDy5CACAox7Gqd9clYTubg9PatuSFvL3FN30/nXPaom2QI2MlunoKmOrMp6EMIxFuP8AF0rmPHFyBbQWqt1Oa3rm58ndkgADk1weo3X9oX7Tc+WpwtdNGN5XOLEz5Ycvcr20QRe7GrTYUbz6cCmRtxgVdttMuLllZhsj7k9a6m7Hn7mesbSPgKzN/dHOK6LwDbzL4+8Nbo9uNUtSxP8A12WldY7KPZAo8z1HWtfwMjJ4u8PPN/rH1O1+v+uSp57sfKetXtlFDqupzBQXlvbkn/v89U5V4LH7o4zWnqh83Ur2NAc/bLjJ9P3z1ZGgvNbqsz+WjDqOprim9Wd9OLktDz/VHBbapGD6VZ0nwvJeyWy+Q7Rbg8uB1HpXoOneHNMtzvEaySDu5zW0Lm3soMhVjjAySKh1OxqqOupg6vZ3N3bRwnESx4WOGMc47Cr3h/4RS67JFceKZpo9OQ7haK21pfTJ7Ck8E+NhP4hmkm0+NLBCEjml++fcDsK6Xxl49nl82x0RQufla49PpW0Kap+9PcmdWVT3Ka+YvjDxL4Y8F6SNB0yO3+2bNkNlEM7Se7V4Be6Jd3l7Le6mgM8jdVGFUeldFqXh+Ka6N/IZG1AHd5zHJc+hqq1/K8DpJkOh5U9qidZzeh04bDxhrLVjb24sNO0lkIQnZg5ryqwjaWdtoIXcSPTFbXia+a4mW3Vs4OWqrbNGhAzggdauEGlfuRVqKU7djpdO24Vd25O+a343iEYL43Doa5K2vUijIVhj1NK+srG5VnHtg1nKDube0iludHqOp+QuYuc9TXIXOoia8d9wI7isfVtdZ5Ssb5De/Sse41EKhWM/vD1IrSFE46uJTehd17VDIWgjYHd94jsKwoVlnkWG1GcdWHQUyKKS5mKLn5uWb1rq9E08W6g7cCujSmrI4ZydSV2LpGiLCA8+Wcjqa2Ps5k/dLkVcQIwBbIGOlTqmwAoR+NZczbC1ivo2iWzXIa+Y4z3rprDw9bx+JNAvrSTckepWuRn/AKbJXNkySNksQe1bvhqaVte0SNidv9o2p6/9NkrWDj1IaZ6Y2mSNdXsykKXvLg5Pp5z0+S2uZAAJmyO3aqmovO9zerHIy7Lm4/Lznqkmp3ECDq5XqD3rz56yZ7NOPLBFi7sbsj5ZGAXncKx9Ttr502NdPjrtA61qJ4w0+O4W2vC0UrdAw4/OtKG/sLsOFZHJ9DWZojzhtPvVc7JSrHjDDqK0tA1xDqv9nXf7q4Re/Rx6itx4XaVwIwU7H0rhfiVpMy2S3tgSl3Acq69a0i+Z2YpJQjeJ6ldLCtquNp3dD6VyniPS/PtXlhIE4BIx/F7GuW8F+MZNcsora4m23cXyyIe/vXpVlbvdoI7dQ74yfQCjlalaxcXGUU0fMmozzQXUrzvhyxBXuKdY3pup1gyYye7cV13xn8LGxlXUoFwC+ycAcA9jXG6ZMl3Yul1F++i+5OOPwNehFqSueNUjKnJxbLGstPp+CW3RN0YViT6i8vQnPrmp9QkmnURPLuRegqnHGi/eGfaraV9DHnk9xoSRwT271asoGlkCxZLjqT2qS3UzAqg+UdwK3tBsz9qUBCE71LlYErlvQ9M2x/Pz71twxBVC5BxUhxAdoOBTC2CSK522zVKxIc9O/alLSBlIG5aiZgRkE5FMSV0lUhsjPQ0IRbZPM5QgEdqu+GJQnivQ1YkFtQtgAf8ArslZFzOE3OMIByfeneDpptS8baFLjMcWo2vP/bZOa0itUT0PYZbkHUtQjb7ovLkHPf8AfPVKRkMpVB8oqxfpby3GoGSVY5RfXIAJxn989cdrepS6W5lidZQD2PQVxSTcmj2IP3E/I37hLaZWS7jjcDoSKopo9pKoMMksGGyojbFc0fFsF+FUjyZO4rQj1doIUaNdyHnOalwa3NYSizcbULjStRhttUkX7PNxFL059DWvqdnHeWDJJg7hwR0NczrlufFGhSIuVdRuRvRhVHwLr8l/D/Zl8/8ApFudhPfijl0uht+9Y841/Trnwz4pW4t8xq7Zz2NereCfFIV1+0yGNH4b6etSeN9Ei1K3G1gWC8HHevOL2QabpjLK58+MEAjpxWylzW7mFvYt9meqfEi90rUPDV1BkOCnMhP5Y96+emn2QeWoAQcKBTbzXrq5hC3ErFepVTWaHmuTtiQkegrrpRcb3POxVaNVrl6BcSfNyfwHarOmWkt7OoKsIe5x1q5ZaH917liSBu2f411ui2qu65ACgDAHanKRgokVtpyKY0VAoHYVuxQJCpYKFOOKUIPPOB93rThuLnjisG7mmxARv5bqOSaa6YGQSamlHlHB4BqCaTahBzj19KQFOacqCMdKdEOMk/NjJ+lJBCSDJJySfl9KqavKSv2G3P75/vuv8I9KoVxkskmo3K20GfJU/Mw712fhC1isvEGipHgA39sOe585KydItItMsQp++Rk8Vt+FrZpvEuj3ExKhdQttif8AbZKaeqQraHreo/DyW7vp7hdUgRZZ5ZtjWZbG9y2M+YM4zjOKxtQ+DiXasF1hIie4tGP/ALVoorq9jC97AsTVStc54/s9OZvMHikD2/s88f8AkWrtp8Dbu2Ztvizcp/hbTzx/5Foop+yg+hKrTTumdRpfw5u7BCg1q3kQ9QbFhn/yLWNH8G5Ydcm1K31+KJpfvRiwOPz82iip9hTXQv61VfU1l+G98FYNr0LZ9bE//Ha5rXPgTLqrEnxKkQJyQunk5/8AItFFNUIRd0hTxFSatJmJF+zSEbLeKgw9Dpv/ANtq3/wzu6qBD4qWM+q6bz/6Nooq+VGN2X9M+BEllEVfxKk5JyWbTyCR6f62tOz+Dj2xO3XISOwNgeP/ACLRRS9nHsPmZN/wqSbcxGuQjP8A04H/AOO0n/Co5sYGuwg+v2A//HaKKXsYdg5mNb4QzNFsbXYT7/YD/wDHaqyfBaWRAreIY8Z/58D/APHaKKPZQ7BzMX/hS8wB2+Ioxxgf6AeP/ItQWXwNa2kDnxBHI+dxLWB5P/f2iij2UOwczNKP4RyrIHfW4Xx2Nif/AI7Wlp/w3ltdRtLp9WhkFvPHNsFmVzscNjPmHGcYzg0UUexh2DnZ/9k=', 'Christophe Lambert',
  'Thierry Lhermitte', 'Tom Cruise', 'Jesus Christ', 6);
INSERT INTO QUESTION (id, id_qcm, title, answer, proposition1, proposition2, proposition3, question_number) values (111, 102,
 'Qui a réalisé le film ?', 'Jonathan Barre',
  'Steven Spielberg', 'Guillaume Canet', 'Orson Wales', 7);
INSERT INTO QUESTION (id, id_qcm, title, answer, proposition1, proposition2, proposition3, question_number) values (112, 102,
 'Combien de temps dure le film ?', '98 minutes',
  '55 minutes', '120 minutes', 'Beaucoup trop', 8);
INSERT INTO QUESTION (id, id_qcm, title, answer, proposition1, proposition2, proposition3, question_number) values (113, 102,
 'Quelles sont les ennemis de Max et Léon dans le film ?', 'Les nazis',
  'Les américains', 'Les Républicains', 'Les témoins de Jéhova', 9);
INSERT INTO QUESTION (id, id_qcm, title, answer, proposition1, proposition2, proposition3, question_number) values (114, 102,
 'Quelle est la boisson favorite de Max et Léon ?', 'Le vin',
  'L''irish coffee', 'La manzanna', 'La bière', 10);
INSERT INTO QUESTION (id, id_qcm, title,media_type,media, answer, proposition1, proposition2, proposition3, question_number) values (115, 102,
 'Quelle est l''uniforme que Max et Leon portent ?','picture','/9j/4AAQSkZJRgABAQAAAQABAAD//gA8Q1JFQVRPUjogZ2QtanBlZyB2MS4wICh1c2luZyBJSkcgSlBFRyB2NjIpLCBxdWFsaXR5ID0gMTAwCv/bAEMAAQEBAQEBAQEBAQEBAQEBAQEBAQEBAQEBAQEBAQEBAQEBAQEBAQEBAQEBAQEBAQEBAQEBAQEBAQEBAQEBAQEBAf/bAEMBAQEBAQEBAQEBAQEBAQEBAQEBAQEBAQEBAQEBAQEBAQEBAQEBAQEBAQEBAQEBAQEBAQEBAQEBAQEBAQEBAQEBAf/AABEIAMgBLAMBIgACEQEDEQH/xAAfAAABBQEBAQEBAQAAAAAAAAAAAQIDBAUGBwgJCgv/xAC1EAACAQMDAgQDBQUEBAAAAX0BAgMABBEFEiExQQYTUWEHInEUMoGRoQgjQrHBFVLR8CQzYnKCCQoWFxgZGiUmJygpKjQ1Njc4OTpDREVGR0hJSlNUVVZXWFlaY2RlZmdoaWpzdHV2d3h5eoOEhYaHiImKkpOUlZaXmJmaoqOkpaanqKmqsrO0tba3uLm6wsPExcbHyMnK0tPU1dbX2Nna4eLj5OXm5+jp6vHy8/T19vf4+fr/xAAfAQADAQEBAQEBAQEBAAAAAAAAAQIDBAUGBwgJCgv/xAC1EQACAQIEBAMEBwUEBAABAncAAQIDEQQFITEGEkFRB2FxEyIygQgUQpGhscEJIzNS8BVictEKFiQ04SXxFxgZGiYnKCkqNTY3ODk6Q0RFRkdISUpTVFVWV1hZWmNkZWZnaGlqc3R1dnd4eXqCg4SFhoeIiYqSk5SVlpeYmZqio6Slpqeoqaqys7S1tre4ubrCw8TFxsfIycrS09TV1tfY2dri4+Tl5ufo6ery8/T19vf4+fr/2gAMAwEAAhEDEQA/APmHTPFng2az1qwl1jTI7d3aQI98fmUruBzvH97B9PqcCl4e+JngrQrW5tZ9a0yEvOpdxd/MdrRAbhv+YDqDuBG4+hNfMVh+xZePI3neItYlwVH/AB9yJnaoXPysTzjOPwPv3ek/sN6JcIsd7qOqzuSN7G7nZhwepyPr+f1r86lmmURs5YqvPt7GHLb4X7y5ne+lu2vmff8A9l5g7WowX+Ory9rW9199fl3V/fNQ+NHw3XVmuv8AhJ9OKvaJGx+0kZVU2kcTd8Z9unaqmnftE/CnTLPV7K68S2gguJSYlSQFm4fChVlX+8OrECuDsP2F/BUMi+fFe3DDgGW6uCp9fk3njpnnt616XoP7EXw0Vd82jpIQvV2kKt1yNu0jPTv1PvXDW4gyajDm9rjpW6K67ddeyNoZHm0r80qMbWt+8Tvt/dXZfezC8O/tPfCHT724gHiFUtmRkdVZl3qexKn9SDjtjnPbSfthfCOwvLJrbVbq5iigMMjIszL+8UqygqWx1BJxk47GujsP2O/hhF5W/wAO2JKtkf6OGzjrjd5e3qOfmznoMc+xaR+yn8MrdESLw5po+VS262t23Zzj/lmoGOc9c56cc+fU4myh8vNSxsuydXb4F1g3+Xpd6ehDhbM38eJoR+G20r35fNff5t9Vf54X9tv4SWouWt7fWp5xny1W1ut3uQFV/wDZzkg/0z9I/bo8I2b3rw+GPEd19oDKirZXhXdn5Qwy2cg8deh4PWvsC0/Zk8BLKGPhfTVx2+xwtu9vliOMY7jnPBGDXaWP7PXga1VBFoFmpZQd32a2464/5Z9vrzXHPivKYWvl1d31/ibW5N/3T/r103hwjmEr3xtFWt9hO/w32l5P738/gLWv25mvrGKz0rwH4mkxKrhfs10ucc4yQOvOcbsemTXKS/tg+OZo5hbfDHxDJuc/6y1uVB7jGHHXJzngAD3r9T7D4IeC7dkaTRbAqc/dt4Dgj6x8A5/Tp69GfhL4PDMqaTa8YyVtokznOM7V56HGSe+OprlXGeDfw5XHR/bxGJh21V6rvo7vRbdi/wDVCt/0HV//AAF/3f739cv3fkvB+1z8YrmxewtfhhrEUTnepkNwR8uflOZBt69e/HHpztz+0v8AtHSM8Nh8O5IVd22GYyLsxj7wz3Bxwe3Nfr9H8MvC0Amzptt5acj9xEcbc9yD978MYI54rl7zwV4fTdIun2/ysQVEEZZucDaMDOMHj3rKHFlGbdstwz2vyUlNq9nra1uqv5eRT4UhCzqYqtFPbR9OXvLpovNr1PyPk+OH7WF80s0fg+3t5HQ5PmyMwJPGRhh26nb9D2xJfjh+11G2220+1t8d0jnbPYZ2Mo4xkZ9eO9frhc+Bofsf9oy6dHDp5kWNI/JjDy7/ALhC7Rj7p4G7HYkU8fC/RJIVMMCSxzqJXUxxlk3ZwjjHysPmyOevsK9nDZ/OUHKvgsFC9uReyTelua+3dPr16b+NWyjDSnyYevXq8nxvm5LX5baLmvs+vRvc/Hq6+Nf7Zs8ErLcwQqELBFS5KjbjjqACc88HtxWCnxS/bJ8QwKzeIruIBmiESRThdq7cAbnOe/AxjPOcmv2YX4ZaasU6TWFvAzHAHloAeuSfl+bHHpjPJ9MvwR8KNM+038NxYRF1kUIPKjH/AD13Hp3446e56V1U+I6Um19UwsbNL3I2ve3dK9nqvn2155ZZVja9Wu1v8bWnu+XnbTb5a/jQt7+1bql49pc+OdWgn2gyRp5qqMqGGBuOepBPHTvnAyNY0H9o+K2uJrrx34hlmSN2YRXEyM+MZ+4QwIwDww5J68Y/YrW/h7oGheKZ31Oa1tRKpVDNJBEpD9DlyM9MnAOMgHGRmHxH4K8K2Gj3t0+paQN1vuUNc2h+XnDA7+/cY7Dk4rSpxH7OrGl7KjLmvaXLa1uXok/LW/QVPKXOEZctr9NXbWKV3fr/AJ9z8Vv+FefHXWbeK4vfGHiQ+YjI0bX92uMbeQC/Ge45yMDjFQw/Br4psCJdf1+XBwxa/vxux3A8/AH55454r9kNL8MeDrzTrFota0Pc0c5Ki5tBjazMMtvOc4x04HPPSreh+CvD0kF7NDqGnXKxCWVljntWbbHbCRuFZuuzHPc5AOCK463FWIhz8ntI8nL8acebmS+HeyVt9d12Rt/YmHa9+XN1XutWta+vO9HZXdu/c/EnTfgT43vbq+F1e6rcCFmEYluLl2Xb0O5mPT2Az+FRaj8IPEOm3lhaFLqae8lKRq5l+8rbcAjbjOeeCDnHGMn9l/DPg7Tnsr+7iihm865aMOrRuEaNVZsiPb/z1AAJG7bkEHNNtvhvouq+KLSBI4GurMCZIlSNWBb94Wb5TjGQBwc4zxnA7/7erKnKVX7KTinLe+97xdrJLy8jFZd78YUn8XxOz0skl1d73el1r31a/N3Qf2fvElo9vPLbyMqlT91167uAQG9OpGefWvvP4ReD7/w7Hb2l1HNDvQBGdpkU537M7n4LZJ4zjHJ5r6uf4fW8OmNKbdVe3UyALFGpPTILYPXqGA4x0OasT+H1fSbC9YrZyu4iXaF+bam4sS33scDAA+8ck8CvmcVjf7RpSpPSzXvXb5b2e2n8qe6PdwlGeDm5yXM242Xw7av+bq0tuh0fh55rSAK8zldoYsxlP3c9B5vQ7gCcnJArpXnkuYxsul752yycH3G/n9K5y38O6hFaeWZpeI92fXcqkj73bdg88+1FrpyKsaCWS2njZ12ythCPl/jJHTJz8p4NfOLLKrhKXMvdtZcu9/Pm7/fqz6WGa4dSUZKcOfZyVtrXt3+Ly+8mubOVPN3XDncrkbZJGx93/ppwOmD354rJhS4hjcvKzbSANw64zkj5uM8Z69uTVea4v/7QuLKYYZMlec+anODjA2kgdMsfm68Uty05iCgZK5wAeucZ7cYwMdev0rzpwnSm6dRcs47re19tT0qNaFeCqU3zQe0u5Sl3l2+fv23j+Tj9c4/Ol/fSMoR2Trkq0gznGMjzOe+PxqQWuf3knDP6DHT1596nSEuwZWB2ckfX8fatIy5r6WIM67a58sbppRlsDLyHr3/1nbisa8jcFh50vIU/fk/i7f6ztj8fSumv7pFVQ5VONwLPjdnHAG3t3PuK4DWPFWjwLMhuonliBZoYXEsh9Aqxq2c85JxzjAPOOihh6teahTpzntdwjzWu1a+q3V38jGticPQhzzqb7K3km9bvv279jy3xtHJ/ZepHc8m20ux8zyHGbaT/AKadwOfpX82sHwx8d+Lf2i7zVNJ8PazPp1p4vuZJLyOxkNt5QKbm8502t93OEJKjhiMiv6D9T+Jq+KbfXI/DOmm9bRXmtNRW6HlwiRYWYowYovMZzlpOOgB5x+OPiz9tHx/F8UIfh/4W0TQ/C1nJ4gfT9RvrOCM3c7CU+YyFMt82SS0kzZz8o61+q8I0MVhaeYwpyoTm8LGNZe1t7Om+a9T4Jc3L/Lpe9rq5+b8SV6WLngqkXOnD275ZTh8d/Z35dVs0vPVW6n6H6vp+j6t8PH8G+IdWh0acpYi5E8jRtCYmjbDBnPUnGdwwc8MMY5vxBcWPhPwrJe6Fp17q2n6Jpkfm3kJZPP8As0aRDyAu/wAzzWAAyfl3cBsYNDxnp8GpfCLUdXvIlvNS8nT53vJxumeUyRYYN2xgk9SfStrRNN1Pxv4b0XwbA72mdKtbq/kiC+U0PkxuiKWHK7G+bBXLPGhHzZG+Ahy0qlnfmr1JS03qNRc5b6cza06W3d9IzD2vtaftP+fFPl+53/Tz7lDQNG8V+MdI0zWEe00m0v7eG4RZ5me5iV1DBZIjIxBGTkBD06DOK6ay+GWotG/neK7jzBJtP7wnOI4+eEA9a76Lww2l6dDZQXTRNZ2wgWNX2qvlqilQMnHIyfrjp1xfsGpb5f312fnAyhkZeIo+h8sfyFdkZz15Xy7X63107W6r5+R57jGXxR5rba2ttf77H2pbaHBAzs6EZkbA55CsykdenQ9+tdTp2mQ7lVY9owST1+726d8884Hv2jiha4aUsdy75Mr06zz9D+B7V0cEOI4kQdOCf93pgds5PGeMda/H6tbl5fdve/W21vI/W4x5r62sLa2UAONucfh14/z1ra060WN5Nw+/jHPQtuyfwwPrUa2hVgNnzN91ic7cdeMc5z68cda2baCRRGAM/Nj06/n/AJ4rz5StbrfzOiMea+trF+DSw0gLA8dOM9evceg/r0rstL0zLBucKemM53Z6fNwBjrg9elVtGt/tDMr/ACbckfxE+oI+XGePWuytbb7Oobnk9MYzt98n15NctTp8/wBDYt2NhE6liT8mB05Oc55zx0GOtZl7cRNOlrEMsEwWz14P8OOv/Auen10FvFAESI0jSZUbe2ccng//AF/bFWINHknmjl8rLbxnpznp2z69PwrnnU5LaXvfrba3k97noCW1kzqqnPsQP6Z9ufSo57ARNI0jEg7uduMbsZH3jkHAx0zXoEVrBBaMOA2xcgjj5s4JOeSMHsM57YxXGao88ztbWo3NIG3NnpkrtOMc9DnkDHeqoc+In7OnC83ayvv31tpbfZnLi5wpQVSo+WEb8z3te1tOpxer3ifLZwr5l1MxiiXdt+ZsZ6Bgeg646VTtLL+zr421/CsmRu80n92WPQxkg7inRhkZBXpjm7c6C9vJZXjs6z2koYFFXdP908K27aEdEY8t2HvUuu3KyxRXUTqNu15HkZVRfL+8HDEZK7hjHqc+/wBjgsthg7SkrzSXs5tNW0Tej31t19ejPhcZmUswfLCc6VGO9KE9723lyq+z0st2+pX19pU0e6jtLfe7RP5Ik+X94qll28NkcYx24PJHPDeAZ7q9065l1iIQ3EE8kbmYGDZGOckzNtG3HTcOvWvDvjX+2f8ACb4TWE9vLq0WueJIo3WPSrF4pV85VlXYY4ZHlZgSCdoRVz87jK5/Ij4nft6/FnxzPqFnoMsfhbS7xyqx23+vWORSoIVH8pf4iAS/OcYOSfbWT4vGUuaMfYwbXLKsuXn1V+VX1tpfXRNPqeXLH4fC1UpucpxTUowje2q3adle35n7P/Fr9on4P/Cq1kuvEOv2lxfwqwSwtJo3dpE3YDFd4dl7pEsjjfwD3/M3xb/wUu1a21rUj8PvDcbW0qsltcXTRwhs9PlkldvlPYqvLY7Cvy+8R+JfG17qenW2hfDLxT+0L8S/Ev8AwkN/ZeHFl8V31jpPh3wvZaff+Idd1PT/AAfNZ69cIsWrgWk9rrWh6ZpEOn3F5ei/a9tobDzLQvit4L8S3+oeH9GtP+Fe/EjT7u5s7r4e+OPEWmah4e13U7WR0vLbwb8Rlg0rS7DU47l2hs/B3jS2iR0tpoLH4h+I/FGo2Hhu4+oy7hCjSpU6z/2qc1eT9o5crjy8ttLpPma63a62PExGe35qMZwoQXwqMF1cbpu+vl3v1aPrP4s/tIfGH4vXx1LXNUuNJS3kEiHTbmW3UNGxKGRmkijzyQ3yx7h1yAMeGeNP2hfE2ladDbah451m5ZkMDQR30z4j+U7WVSuevHOeO2eflzxV4u+IOs32p6ZqsV/4blsLmWwu9Ilt5rG+sbi0nKzW1zb3EcU1rcQvH5dzBNCssE4lt5UWWFwPPrfQri5uh50k1xsYEmd2kY5z0ZidudvJAOePSvpsJkcIQpyr0qcbX5VCHLzLS9/edulrbX+7wp5rU5HGM51Oa13Od+WyTVly31vrr0S7n0L/AMNQeMrNAmlazr7+WoVCdRlG1RnaMN1zlskZ9/eO2/a2+Nen+Y+keJdQt1fIniluBLG6urqysqKuc5OCSNvvkkeNDw40EZ2xHgnODjOPzxjP61TFjv8AMSMFmDBcevXnvj/63Wu/+ycu/wCgWm9vjSls09NFbZ3+XZ35ZZji5JL2042/kly30W+jvt+LPpbw1+2h+0HoEWyPxG88TSNJ5UjBFdm6lyGR2xxt2su3J9RXovgz/goj8Z/CniGTxFcGK/upwVdJZ5lWPciq7AiVkLPhSrNGdu3jq2fjDRGtbLXdMk1K1a90+z1GyutQsFXd9qsYLlJLqA9eJIlKn5Tjnj5cV/QR8Orv9m++8LfD3xBafs+2v9j+K2sNKh1m9toIlm1CWMBpHBiQ7DuXYrYzk7WGGz5+bUMsw9KCqZT9ZhUcuaNFUY25eSyk6tSnvzacqls3o7X6cJisdOblDGzpclr89S3Ne+2nS2t1Z3PJfCX/AAWP1JrFbXxf4Pmud6GFpoIo5zu54AEkDSbiRgKDtxzgMM/WXwt/4KY/A/4gXmlaPrE914ZlQiYfbbSWGOOV2kLM4uFKsflACQyMw6lW3Lt9c03Sf2TjB4rS18C+FrXU/A0EX9tabe2aI1vcXEMc0ETN5y7lkRxs+aPeMn+GvUfhXpv7OetyQWl54A+HzavJHBdS2K2EUk9tbzO4t7kxeZKSZAykRynk8K/ysT8Jj8FksoSqUMoxuGnpZ8/L0jslC0rddrdD6GhmGZ0pqUsbha3RKael7Xs+Z2vpfR7Pse//AA/+Kvgvx1bKfDOuadrpuFLBY4mSZlZFbOFK7tuSOc56gqeup4ls5JUf97DbujA/MI0bnjplM9OMZ25PGTXmN54kt/DWr+ItK+FvhHwFY3ukeUtnBaRQpdmGVYk3m2LhmZHMgfYgwYZS2dorM0nwp8RfGej6nrvjLxHa6bcRXFwsVnaPsieJFLJGsjfZ4lY7Pl5f7xJwAA3hUsugqsp063s4NxtRry/eQv3Wlk9LaapX0PUeaylaVTD887azox+Lazmruy/l1111O48OWsT3EsmtXNursGMM00qp5iqqqq5Zh8hxlX57ggEU3xTqXhnTIJLmS/3Mih/s9sjSySEfdTKFl5yQCC2OeK+SB8PNd1bU4NQvtb10PDdTXEtnbXWy3EMLLhSGkkYIVKkAou95EjB4LV6Tpnxv8JRyar4bl8N3Fxf+HI4kkmvLbdKyu4VRG5BUqfMiO5kcYYAAckxicgo1qssVCdStOKTqKD9nvblbd5vo7bdd+muF4iq4eFPDL2FCCbcX7PnvrG/WNraPre/3y3XxHgt7mO51aGfSNKmnEVlC8EjXN8zfdPlkhi78bWYLuPQHBxtR+LJjui0XT7mOK6QM+oXa7ktpmzhZ45Vg25yclgcYGBzgqNY8Oa7pl3e3GkXqvZS2l9Et3bKFWN13AQBg2JF3dR97AyOeLB8Z/Diwkkkfz7e51JdpsJozEk0qsrqVilWPOxtpIUt1AJXIJ56mCrwhThQwFNON+dzlzN3cGrXirPfvr20v6VLMcNXnOdfHVtOXlWul2+bVd+m1rdCr/wAIlfag4udW1uS5WWMYitc+QVOfmjY7UGcDKtG/Qcrk5r/8IpounS+ZFbLJId/7ycLKRwMfIV8rjJziMZq3o/jjw3p7yWct59ohuZWaz/eIvkrJ/wAssLJ/u/KT8uO+7Az4/EljrGqXulsG054Jf3NyWYpLGd2ApPyDGCCEdsbhnqM8jweaqEqlbnjCFruErWva99Xe+tttDtp4/KrU1RjCc6t7RqLm+HltZ3W/M76dtTwnXNIttCh+IjQpHG10ktyfKCqrNJbiMvtCjbnGQpLZ6cdT/Mnqqi2/aOU53MPGE0zrgL80xS4xkE9VlQZx2BA5wP6n/iToWivd34vr6SBby1iSWdZ4kj+z/MGMmZRje7xhQDxljnjFfmn4t/YV+EWq+J5vHmj+KprjUDcnUYJFupDALhVRYyw+1ZkVPLjyPkLbMcZzX6RwpiKWF+vOqp/7VhYU4ckHK04UoU1GTbXxcrlfpqrdT4vPmqscvjSfN7GvVu+/taqqLq7Wvy9b2vpsdt4lOs23wZ1W8uZLFtLmsLdoYGZROsm6BhhGIzgcMc46Z6c+n/DaCfQ/A3h3Xbdvt07aXaT3LBd7Tw7AzQqNx34XcSPl3YA4yK4iDwnqPiHwvqOjaksN3oOi28VnDOJ4z59xF8wlmXzY95eKETbN5yjIQ+GyfXPhV4f1bQ/h7plrqVxYeTb+ZBaK1xE1xNao22OMReYGLtgkBd/JII6Zzw8PZ4fFQvf/AGmrO+3x8mltdrd+osRiI1J05R1/cU1a+1r6+d/JL7zo4JY7qFNRjXzIJ4jKozh039Vbg4ZXUqfpnjOBp2CWDRO0qDe0mTkjjMcfHT/PoKzNQ1XRdFuUsPtkJS7QMIUkVfLkP+sRVEoywBQMMjqCCOahtp9K2yFNWt41MmQklxCGUGOPgjzv1pU4Od7O1rdO9/TsYRxNJX97e3Rrt5ef4M+2baLbcSjbtw7c9d37+4Pt0+p6+3PRJHFE0at/tc9z0zn29aZDH5dy/wA27c8nbGMXEx9T/e/SrcVou9cDPrgY/Dqc59PavyepU57aWtfrfe3l5H61GNr63vYsQtuccYwR/WujtxvKN0yenX9eKr2umLbtGygnchyMYPOMc5Oe/wBfbHPR2NszszMv8eAP5j8fp71yylzW0tY0jHmvraxpaTE3mLu4yQBxnoCD3+ldayK+N2eM459cf4VkQQtAVLc/NgcYznr69P61p7u+P3n9/wD+t/8AX/XmuU2L2n2y3FwoYbtpIB7jPXA75wO/GK9Dt2sbC3LXO1On3n2jjJ4O05PIz0/GvL1vzaoZGk2F5Pl4zjHXuOBkcVxuq6x4hlvmkiVrvTLd1Ty1+XduzglcPnO3jpjjrnjOlg51Z8sZer5dl5q/r/w7NMZjIYSMZSXM5XSjezuuXyf823XuepXPibTNR1G50SwvYzfxxl5Rz+7VwSoYcfNsAZl3fLuA5HzVBY3Nppoa3vM3E7SOWlB8xt3G1Q2BgsCQTjt04ryK9misbxtasrJre9dYku5UZixgC7ANzA4y+B93jd0baK6bxh4+8G+BvBUnjPxJqFrFa2trJMolkVZbho4mdoo2fCFwyGMk46hsc4r7DKMvw8eSVBSq19p1JSvy22srdfev7261PiM2xuLxUvZVH7Ojq40/i0fLfX3duVWdnu/NEvinV9K8O6df+JNbv7bTdLiilZpLiVIgqou5Y40kddzcY4bnIJAwN34EftM/ts+Mr3xPrnhn4X6t5nhpnltpL9DI7GUvIhEa5RQoTAYodr7Bh2H3eN/ak/bA8b/HXWb7SNGvbvSPBNvM8NvawO0BvYQzLuyhDCCQAFiCPNwMgbRXxLFa+QpXPYsWPChU6ljk7cFgAOc5PTFfo+XZPGlGNbG01OpKzjT25LWb9675lK6+yrW3Z8fisxnK9OhLk/ne97r3dNLdetynPfXmp3kmoapFd3uoXkxe4vHaaW4mY9C7t5u0LknChUOcKowa858e/EzRvAlgEsI11DXLlUCRMVZbbd3+ZeJMN0A4xyemeX+JPxkj0RpPD3hh1udVcMlzdR/OsW9drGNo2BXO4khid+1cFcHPguieGta8WaxbPcpLqGqane21rbrJME8y6v5oLe3hDzyLDH5ksqqZJJY41xvlaOFJZovrMPlvt+WrVfKo/DHlve7V+q25V01PnauPceelSd725pN/do0/lr07H0D8H1+LPi3Tvjn8TLS/1HTtE8HfBzxBaeN9bsbfR7mTRvBXxD1bSPAmtafpVvrHjTwINQ17xLp2p3ekadpOlanea3fWsupz2OlSpY3N7Y/JuseCNMvEM3w9u/D3ii8Esg/sDSr7UNL8bW++NxaQTeEvElppdxrN/KC/m2vgTUvHMdqI5i9yfKbP7x6F4a8V/Ar9l7Tvhfqmp/sp/EbQvGMia58TPg3eeNNCi1bUzbarJqnhqW/+Inh7VdU0LUfHPhyO7v7HSNKltdR0rwO6WY0fVh4in10WX5kal8HP2d/jdrN1YeA9e8VfA7xTJDe3A8H/ABStofEPhae7gjkjFh4d8dWurxlIzeLArjVL2618273cmnaRPHbCCT1cO40uf2tKnhoc7iqkUlBwj8FSbv7vPd2Tu009XueZP2tbls51LX1nNytzNWt7vW133t5HyL4a+Neu6Q8Wh/ESy1HWLLSY10iG6ngMfjvwjBaLHEmnD+0TCNc0LT4iI18LeIXQ6bAjaf4R1fwZJcT38n0J4Qv/AAzrZbVbLVNPutHmeJDqVvJItlbyzlI4LLU4rgJeeHdQkmf7PBp+txW8N/dB4fDup+JLGKPUpvDviZ8Ovi58MdO0e78fado/izwdqEjWPhvWL3VdO8W2FwsNnDfxW2jeI9F1WLxf4egFjIt0ljb3+iQzFJzeWrSx3VvH4rp+qWlhqC6t4R1zWfAWuRK48u5u7m701zJGqTQ2+taRbwajbR3sUn2STT77R7yCa3Xy9T16SBpmfo9nonzwlf8AklzW232tvp3A/QbxHZPZQXJs4WZVDAFefTqMcZz6nHPSvNLO31G2liX7Nt+1yAEydAp+8F4GevJ47cV3HwduvHutaLbnxp4S8PXvhy4t7qK18SeFdY07RdRR4raaOxkGhaJHqfgq+0kXsam5h0rR/C2vX2ZbqbxLOySWlx6N4j0ddOFlKYFZljBXI9V2kZOcY3Ak4OfQVqtIQhb4Va/fbp8u73M6nT5/oeU23h2WK9lnkCMssRMYQ5BZuNpORjoMNg59OK/ZXXP7Q0L/AIJ6/DfX9OIt9R8P6tpWq2U0Q2MtxYmC4QE8/I/l+W/B/du45zX5JWsNzdztIEbyoyxbIwDnGMdfQ59jX7IeINMutR/4Jw+G4rW3kubmeZY4beJGkd3MIXChAzN9zJwhxxnHWvC4ipqH9lXd75lQT0t1Xm/P7jsy/wD5jP8AsDrf+2n0j4ij8J/Ef9mO9+O/ho26ah4t0bw1oXiyOBURm1WDyLfz5VQl9yXCOcv0DkAjBzyvwEtU0H9oTV7q4jR7iP4eaPGjSDdHdSS/2q8aMOQyh1BwPTGcnjzH/gnz4c8UeNvgH8W/hH4gg1HTtOk1OKfTVv4rhPKlt3tLhZbZ5ApMY812RwV6YI54+7/hz8MtM0j4gxzajJbz6rdaVY2fnRlvmjsLZYmjYtjDJbxktjnfKzZ52n4zHYijgp43CuSlyTlCnC1lChWp0atNrV3tzSj0btfS+nuUIfWOSr8F6eGqyj8V6ic3N30tzXWlvdtu7q35+fs8+O/FN1+3X8aoddv7mWztdLsPsVjJcSvaQRtHclSkDMY9xQRtu2LjOCGwK+k/23vjXqfhP4XaB4e8I67f6F4r1vxhpVpDdWC+asMF3ewK6zkoVXEAaSQsP3e8KN5JNfMvhfRdc8B/thfHjx3rGj6jZ6NPZW0el3c0DRw6jdSC58m3glYiKRvNnh3IH/u5I3DHtP7TXhfXovg/4J1XUtPWfxf4q8XaHfwQGDzprTTrrVLR4pCFDSoCjhpWjC9E3A4FOvSorNcBVjDmpyoYBxd7KTWEpOS2t+e976BCpNYWqpyc0687fZt70O973ateyt0XQ+cPjz8VPjL8LPip8CfC/h7xdcy2Hi6x0pfFMtwm9p/PjsZnUyJKhDTSu7M7Bs7VAUEZP158Wfi78PPhBH/bPjbxDouiTa1Zada6Ta380y6h4g1N4Ylkg07TrC2uNSultpZITf3qW503RUYS69faVA/nD4v/AGr/ADNG8ZeGvF2oWlxqMvw/8Hf8JFJHZeYbW6l8PaQupHTZZY4ZPs3nG2EbSZLkMyoG+bH5B6j4y8efGzX/ABN8XfiN4g02TVNXuZdJ0nUfFPiXQvCPhvSLWyaKSHQdFufE+paTottFZWjwwWWkWl758cDrdTxyTS3NxL7WAy2jmEaE6kqeGp04cldwfJ7TbkbWrdvetva7V9TGriPZTqwip1J1a0K0IznolGzcV7rtfm3V79j+jC3/AGz9IudDuNDvPhD8cpYrqNfK8SWfhr4calpENraXEcM06Cw+Kd7fzW/nzrClmmmNqkrRSiOwMkMyR9NYfEf4YfGr/hDvEvw18caF4tttOMkOoWVqJtO1bT9QSOfzLPWNEvYLHVbG5iliZ/st3ZrLNbx/bbbzbCRLl/51NTu/iVJ8J/DOgajffD5PhxB4s13WNE1sfEz4WNY634jvrWygvLWTVovHE1pq82mRaf5llZKZbrS5LnUA6SR3E8UXB6LffFH4aX0Pj7wY+s6Tcac9vJf6zoTvqWiXkaTJMYv7a097vRbrdItvdLFHeSOZ4oJ7KWK+tradOmfDeDkn9WxFGFaM5xp63U4Jx5Zu/Ko8zuuV3tbdtEf2nV93mpV1QlCE6v7vbmtZb9FFu+7bvZdf6mdFvNO1qK+jvtNt4L7Tb3ckm5U3LFInIjIDNt4xt343ckZBOb4g8zWZLhtA3fb1liIlRmVk2bY35Qo55Och154561+eP7Kf7a/hb4h32neHfiG0ek+L7qPY17LKtvZ6sPLV/NYSvbrcNIjTKZ0DahYW6hfEFqIdK1HxPe/pZoehKmtXcyR3NjaArdRTn93DkSGXe6nPEm/a/PzbQcgV8PjaeLy2rWo1abio8qjUUrwra68jX8ml9HpLofT4Z4TFRhKk780JTa191RdNJPq+a/ZW5dnd287+Ovhltc0y00/UbvU7OS70q2srp7V3jYSPCFy7oThQTnJB2gYGcnH5iaF8LNbvNT1nw14f8d6iJ7aeZIbPzYxKYFZVErLtS5BfJYHLeYgVvlBxX7feP7DwhrVlPFNrLm2t0tJJbmCJZJra4ijj3QFkBX5dgwAx27umOvlmnfDf4e+CLk+KPDfguO6v78TXkusXqKElaUBmKl5QoU7ThWWXZnORn5ujKM3rU6U/3cp35fhbeq77Wvt16+hw5hgsPKUpwkm4JN+61vy21v1s/TyZ816T8H/G/hj4K6zp+j39x4k1PU9OEtqChE0dzMAkryFgGXLne4KZAIXd1Y9/4R+FusNp/geXxVqjaTHocUN3fW32uSNXkeNzLFcQPO25g0u5sLJjgFV3A12b/EHxn4i8MayNMudO8P2tndG3ggsYFDBVkePLOiBSH27nALFsBSRgZ4S18M6j4iup4tR8VX1wohjZUE0qq+Y5JXVwssKlXYZIC9T2xz2Ua2Iqe25lTpJV5pckLc11G99Vs0rerM5U43p865v3FG2rVt+297L5dWQeKfhh4R1zU7m5Pjn7Db2moy3UqwyRi5SJm3xxJ57LlUU4QqBsQojK2AT4L4j8ZfBDw5rF5pMnjHUZnt3Ad5YN7FtoUgPEZEdflyGDc5xgYrvvix4Sl0SC9k0rU5YzNHm5EDLEXmi8wMtzmIsvnIZN5VhhGjch9wA+dLrQtLvXS6ulgtrqWGM3MdzAjyGZV2u++Rizq20EE+47V2YfDTaUp15+8tFBcjVrXu7u++mitr3suavyU1FxpwffnXPty7aq3d73dn0P3ltYbmGWSJk3mOWUZztGRPN/Dg4z9T0rcskIuQsgLcgDPGM5zxzz0/yas6hY3Gm381wxZhLLMDkj5czy4OcnOAfQZyKbc3awrDMp+YjA56Zx0OOT07D8a/HsfS9jiJQvzWtra3T1Z+u4GtCvh4zi9912vZrXrdeR1ltcI6qrqRyQCGz9TjaPbvXTWwj2o0f8Odw7knHU9uhrjLOFjFHNnO8Zc4+6Bgr3Oe/pXR6bMqxmMDLAjdzjGTgdjnvnpjFePU6fP9D1DXcqq7mOMEEDGc9c89scc4NVzLi8C7f4E5z6A9se1XZI90UIQls7STtxjkkcZOc5Pp0pfsLQBJ+PLA3SED7i+p5Ocfh1rM7IU1C93zXt0ttfzf8ASNZdGTUNPkjO0sscjl24K7FLBwufmxgjGR97rXA+HZLZoZxb3C3H2e4ljkKqyYZccHd0zz0z0+lVLX4oWmnap/YlxazRxX1wLKG9WMzQSM0hiYFywySrEDBGN/GQOfSZ/DFnZQJd6RbLbI6mW5CFirb8b2AZjtzjkAc+/FdsaU6UJRkre1jTmt9PibVuujWt15o+ZxWKhVm4xV/ZTqQbvvpBp7aX7XfqcDrt7omhaPq2v69PHBp1pBNNdtI6x7o41LGNCx5dgAAACB1I6A/zk/tY/tD+IPjB4uv9J0PWLiDwJpl1Jb2VnG8kcV95EkinzAjP5sMZIUFwEmeNZCnyhV+3P2//ANpCK5uX+EnhLU0ggjU/8JBNaShc53iWNWQnc0rbVTJBXkgNyK/Jp4dPS2JaZVVQWYuNqqo6knJHGRxj/Cv0XhLKp4LDvG1rOeI53Rjy25ackve5uZ35tPdsrW3dz4zOMfDESVCjK8KfMqz7zfI3Dy5LO7vrfVKyvx7T3ltbSuzxokaGR5JQQoVeSdxIVfxbJ7dDXxr4w+NnibU9Y1Pw/opWKxy8BuYyoaRSxX926g5+6dwONuQATmvV/jp8ULPR9GHhjw9cx317q4MVzcWj+Z9mj+bcqmNvl27T5hYjOVwBg58A8D+EPNntWlVpZZXDySvyzOSc55H0/rX6llmHnO9Wvrbl5Y2Wjd+bVei6b3e58HjsRCP7qhpe/O731VuW+nr133GaF4ZluZFluN8txPIWmlk+aRmfoWbI3YwcDjHPNfSOh+EzHZRLsz5ig/dHXnjGTnOfYVa0PwY24BE3AEru29cZzwWOMZ5619C+FfCsbWuJI8MoDYx/vcfeHB47V7UpcttL3PKjG/yt8z326/YdtdR+G/hHRdUms5fH3xE0my1K7t5FnvdJ0LTdVitbrwN4Yvb63kt7NfE39l3UvibULeC+nu9Ni1630maGK9sNTs4/R/hx+wLoHwr8LPaeO9R0K7ljtEgvdHe0a41JtQito459QMskjx+VdJAsjTT2wkkxAm+RNgg6n9nvwrZw3Wk+KrXwz4U1LxHpUk1tF4g8X694r0s2cdkkOoxQWE2h+CfFlq0lrayIYhqF1EE8yC5tSsIJh+w/i58Q7XxBolpdXZsra8S0s9P1jUWjUSXVxDAVnW2EjBZJoGQxPOgTeiGVowQEr8ezzH5rSzCrhKeK54V6y9pKMOWa5uVx5Zc0rctpc173v0sf0Dw/l+QyyzA42WDWHnRy7khCU/a06nw3ck4Q20UV0ba1ufhN4l/Y9jtvEvxC8UReIHv/AIU6Vq+kXEXw6g0pL60+2+LNTtdBtNO0+PULPXtO0HUtR1e+naPUvC/h3UtfsoJ7iSws2upJni+JPjV8A/CWgfGQfDnwPdSaff3sEN9penavfNe6S0l3f3umw6ZPdzWljq+ntLLaW8+n3MsmrTyWuo21peWFu8ct1L+xsHxQl0vxR4rTQdB0rxFbabps9zBPrVlDd2Wn67M0kMGswrcw3B/tOw0ue/t9Pe3a1nRLqUC5ESyxT/AXiH4MfEfVvj3a/GLxA+nJ4fGs/b3uFeO2vrrVNKgl1JNOFgEMLxC9e3iJtSkNjCYJZkKW48z6fh3Mcwni/Y1qnuSo1Ixv9ubUOSK1926T11u7XW9/juKMuyqhltTFYLD89eWNvKSp8/sKEbOru1fnvG2z93S5674V8OweHPBdjosUMcMVhBb2UaRxLEu2CFY2lZVJ3STyrJPISxy8hAPBLZ/imyS7OnQyN8roqZ25xuI5xkZxjpkZr0TTmtpNCuLkI0jebIrInLDptI4zzyccCuL1fSNQ1GWwlRMKlyjY64VfvHt0yMj3r9Ew/wBr/t3/ANuPy+UeW2t7nk+taXNpWn3AiAjaR3bdjJJ47Z/hz687scV+rOu+KvE3hT/gnh8PL3w8IPtNqbWWRrhPNXKw2mRIvy71LyKhGRyQc5G2vgPx5b2zaNHbLFsuk2Ifm3fMeoxgY28dznOeCMn9IvHvh6R/+CcPgBbMSHVr26sLCGKJGO+aaO2toAoXOPnaI89dmAfmyvgcSKEpZPCpHmhLNKPNG9r21Wuv9dT0ctlKH1yVN8s1gqvLLe13G6t1vp16bMr/ALOX7QnjOfwXc+KbttMtLPSYdO0m6S0tUt11jVrv7LasGAiiV1jllCqzsfkCrwSTX154V+JOtX+iePE06yhuviJ4OubPV/skbJ5r6Zfx/ajGhHzCIxT5YKeNy7s8V8dab4Aj8A/Azw94WtnWXVrXVvDN/rgAw4uru6t8GZgq5kaV1kJz328feP0J8E4v7H/ao+JYvnZrXVPA2g2c0Ln9y7XFrcRKxTnOHkX5QRnPUYzXw2Nw+Hc8RiYUmoSnVkveT5uR07rbSylvZpq/c92lVrNUKLqWm/Z8y5U+T2rVnv73w67Xu07bnIfC/wDaIf8Aac+OGmfBm68IR6UdO1q11DX9SWOHLrayxkLKYslm3tvAYEsVIAXJI9y/4KIa7qHgDX/CWkeGNIvdUgI0yGwmhs2vFtWt/IiSNI4IJW8xVjALnag4yVwM/Nn7KHgK5+Gv7afx21bVoWX+w9Om8Q6RbmNo1vLa4Zp0QMTzlkbP7xT84wDwK9Q+P3/BR8t4Sj8Sr8LtCW90DxDNo32nWIreVkkimlhM8m0XTLGdm/CjBPBZiuRjPCTea4SGV4f22DhhaFSdP2nL79ejTqNqXLK172ta/u3vro1XTwVWNev7Obm4OfJzc7g0725lZq/d6dTxPwx4b8UeLbvWbCL4f+LNdm8VWqw6m2t6TIlhJHdWqWt5aKbtkY2ssU89vPBEqwsmNjjOB+bn7Sf7IvwJ+B/inX49f+Dv7TOt6H4bhh1LW9c0y80Gb4baBdanHp19faNY+IQJNT0/+x5dYs7G/sNQu7nUI3WC+1Mtd30wi++9B/4KZfH7xfrGmaf4fufCugaJf6hZ2pudMsPnSO5uY438sxJYpuVNwBwdu4njvwn7ael/G3VvE3iTUvDfjz4x32lr4u8OQ+MNP0zxBqHh7QbTVL34eeCbi/vtI0vTbHxy2txazpevaM2o/a/ClveX97aSQ6h5dtaRT3HuZXLEZVi4/Xv9no4mEoNUa3NzcvK7y9yNuXn0t0k9UcMMJPGYWq8Ep1amGcHUlOHI4QqJ3kkpTcrKDTXZ76n5k6/+0B+yb4s+GWhfB3VvAXxn8NeEPDJsxpp0LxX8OtSknubC4vZ7e9u430iCS4uVi1HUhLeRyx3ly13cS6nc6i8oKfObfDb9mLXL77b4A+PPjb4b6mhe3trjx74a/wBHczNtFqfEfhltOtbWGdXdWuGfAQbJRMkjKPsLxZ4P8YeE/Afhmx8bfCex1LxHrraxc6F9q8DeBb3fDpt1DY3GopDcaLcRWd27TSjUQ2g3Uoh0W6jS1SaaG6kk+Fvw/wDEupWWsWeqWuhXF/d+HtKn0/TrT4bfD6+a01a9ittQFtYXcngOynnvdLv8RR3Udi0NpqttNb6ZqetLbLqEPsxzbL6UK0l9Zi/bTSU3Sq83w/D7KpJxS0umtel7O1vJ8weIp0Pcnz04zcpKrRcOa2ijUpx59rvlejsnuj5psf2bPjL4e8Qw2nhS+t/jB4LmvEGi+OPANydSvbW8W3g1K0vp/sjzz6bbtO8aNqN1cT6daXkL28OvLeRIk39Gnwpbx7a/C7wM/wAS/FUcGqaR4P0jTtc0qN4p5XvLPT47TJu4VKySC3jt/tDwARfafPjhUwpE7fkF+wd4v1n4J+OP+Ej+LNjZ6Zonj+5ttG1fSL+T7PrGqandyvP/AMJHq2kk40JZLyRLQrP9hlmm1G0P2K2sCkUf7teOfC+neMrHS9A8FvHdRaxFDcm6h2SrFZzKnlJvDMsciKCkkkb74wqMD85A8PPsUqioQqRoKmpudOsqa9pLl5FJRfM+XdOV+ZvRW0udmAwE6f7xQnTqOzdKpHlmqbdoTau7Kdpaa7bu5zOm/GT4f6NZ3kNxp8JsL8LbzNceazieMg5Ekw2xq3JVsjzMnP3Bn2m9+K/g3XPBtrZWt/pRjt7EpHa+ZaeftO7GeRs+8ck7gdvbt5y/7Ovgyy0W0t9RjXUJQkEU7G3VV8zJVlUsWGU3DJBO7gEADmL4s/s++DvDvgp9S8MW7WGpvpxMMqs0QWZo22sNjhV6k/KnJOM4FfMU55fOvGhS+uK796V35fZt69fLU9XEwxaw/OnRfN0pdOWy97W+qem3U8xHi/wxZaXq39k2ODdO3nWqyxsLiRXchoyXk2I7opDEEHaAAeTXHQ+JPFEGrW0mi+EpbWyu48alfyTbfJhVSFdANzKzZWIFAxHDnHCnyfw74Q8R2vhuSXUtYnjv4XvnkCoDG/lO/kKSE+ZYxEuRgBjj7prx74hal8QNFtNKu9M1++HnlnltFmcCRW/dx/LhCMx7DkhyMds19BgqEJVa9ONec7VpXc', 'L''uniforme SS',
  'L''uniforme des gendarmes', 'Le smoking', 'L''uniforme des gilles', 11);
INSERT INTO QUESTION (id, id_qcm, title, answer, proposition1, proposition2, proposition3, question_number) values (116, 102,
 'Dans quel genre s''inscrit le film ?', 'Comedie',
  'Drame', 'X', 'Thriller', 12);
INSERT INTO QUESTION (id, id_qcm, title, answer, proposition1, proposition2, proposition3, question_number) values (117, 102,
 'Quelle est le budget du film ?', '11 520 000',
  '20 750 000','1000', '1 000 000 000', 13);
INSERT INTO QUESTION (id, id_qcm, title, answer, proposition1, proposition2, proposition3, question_number) values (118, 102,
 'En combien de temps le film a été tourné ?', '45 jours',
  '60 jours','100 jours', '10 ans', 14);
INSERT INTO QUESTION (id, id_qcm, title, answer, proposition1, proposition2, proposition3, question_number) values (119, 102,
 'En quelle année début le film ?', '1939',
  '1945','2000', '1789', 15);
INSERT INTO QUESTION (id, id_qcm, title, answer, proposition1, proposition2, proposition3, question_number) values (120, 102,
 'Quelle le nom de la formation qui a fait connaître les deux acteurs ?', 'Palmashow',
  'Norman fait des vidéos','Les 2be3', 'Stone et Charden', 16);
INSERT INTO QUESTION (id, id_qcm, title, answer, proposition1, proposition2, proposition3, question_number) values (121, 102,
 'Dans quelle pays d''Orient Max et Léon sont ils envoyés ?', 'Syrie',
  'Irak','Pakistan', 'Norvège', 17);
INSERT INTO QUESTION (id, id_qcm, title, answer, proposition1, proposition2, proposition3, question_number) values (122, 102,
 'Dans quelle pays d''Orient Max et Léon sont ils envoyés ?', 'Syrie',
  'Irak','Pakistan', 'Norvège', 18); 
INSERT INTO QUESTION (id, id_qcm, title, answer, proposition1, proposition2, proposition3, question_number) values (123, 102,
 'Dans quelle pays d''Orient Max et Léon sont ils envoyés ?', 'Syrie',
  'Irak','Pakistan', 'Norvège', 19);
INSERT INTO QUESTION (id, id_qcm, title, answer, proposition1, proposition2, proposition3, question_number) values (124, 102,
 'Dans quelle pays d''Orient Max et Léon sont ils envoyés ?', 'Syrie',
  'Irak','Pakistan', 'Norvège', 20);     
INSERT INTO QUESTION (id, id_qcm, title, answer, proposition1, proposition2, proposition3, question_number) values (105, 103,
 'Quel département est cité lors de son célèbre slogan ?', '92', '93', '94', '62', 1);
INSERT INTO QUESTION (id, id_qcm, title, answer, proposition1, proposition2, proposition3, question_number) values (106, 103,
 'En quelle année le rappeur est-il né ?', '1976', '1986', '1982', '1978', 2);

INSERT INTO SUB_THEME_QCM (id_sub_theme, id_qcm) values (101, 101);
INSERT INTO SUB_THEME_QCM (id_sub_theme, id_qcm) values (102, 101);
INSERT INTO SUB_THEME_QCM (id_sub_theme, id_qcm) values (104, 102);
INSERT INTO SUB_THEME_QCM (id_sub_theme, id_qcm) values (105, 103);

INSERT INTO PLAY_QCM (id, id_qcm, id_player, question1, question2, question3, question4,
question5, question6, question7, question8, question9, question10, question11, question12,
question13, question14, question15, question16, question17, question18, question19, question20,
score, finished) values (101, 102, 101, true, true, true, true, true, true, true, true, 
 true, true, true, true, true, true, true, true, true, true, true, true, 20, true);
INSERT INTO PLAY_QCM (id, id_qcm, id_player, question1, question2, question3, question4,
question5, question6, question7, question8, question9, question10, question11, question12,
question13, question14, question15, question16, question17, question18, question19, question20,
score, finished) values (102, 102, 102, true, true, true, true, true, true, true, true, 
 true, true, true, true, true, true, true, true, true, true, true, true, 20, true);
INSERT INTO PLAY_QCM (id, id_qcm, id_player, question1, question2, question3, question4,
question5, question6, question7, question8, question9, question10, question11, question12,
question13, question14, question15, question16, question17, question18, question19, question20,
score, finished) values (103, 102, 103, true, true, true, true, true, true, true, true, 
 true, true, true, true, true, true, true, true, true, true, true, true, 20, true);
